<?xml version="1.0" ?>
<ResList version="1.0.5" tag="">
	<Res filename="Client/WindowsNoEditor/Engine/Binaries/ThirdParty/CEF3/Win64/libcef.dll" filesize="153114624" md5="3a1cb9e5814c6a22261824396f79b55d"/>
	<Res filename="Client/WindowsNoEditor/Engine/Binaries/Win64/CrashReportClient.pdb" filesize="175280128" md5="06d03dd912948df4026058174ab83104"/>
	<Res filename="Client/WindowsNoEditor/HT/Binaries/Win64/HTGame.exe" filesize="184262688" md5="af66646790aa67f2fbebeba2b86d6b62"/>
	<Res filename="Client/WindowsNoEditor/HT/Content/Movies/FFMpeg/Story/C03.mp4" filesize="55204705" md5="f455a7ce6aa6e96691778f205ef8894d"/>
	<Res filename="Client/WindowsNoEditor/HT/Content/Movies/FFMpeg/Story/HM_TJD01_002_a.mp4" filesize="268148621" md5="ad81122f40945a431d0fd84c54ab7c3c"/>
	<Res filename="Client/WindowsNoEditor/HT/Content/Movies/FFMpeg/Story/HM_TJD01_002_b_1106.mp4" filesize="280506552" md5="cdb3da4b496b25c4119769ef28177ec9"/>
	<Res filename="Client/WindowsNoEditor/HT/Content/Movies/FFMpeg/Story/HM_U00C00_01.mp4" filesize="281430826" md5="1fa5966365e29ef2c2693029f31be2d3"/>
	<Res filename="Client/WindowsNoEditor/HT/Content/Movies/FFMpeg/Story/HM_U00C00_03.mp4" filesize="167636875" md5="89c6094d486feb4371f7850e40f16595"/>
	<Res filename="Client/WindowsNoEditor/HT/Content/Movies/FFMpeg/Story/HM_U00C00_04.mp4" filesize="140483720" md5="da47aecbb2cd59c43f638dd50d5a44f5"/>
	<Res filename="Client/WindowsNoEditor/HT/Content/Movies/FFMpeg/Story/HM_U00C00_06.mp4" filesize="307600575" md5="0a74d17178a16f25ba657ad65de243e3"/>
	<Res filename="Client/WindowsNoEditor/HT/Content/Movies/FFMpeg/Story/HM_U00C00_07.mp4" filesize="162563940" md5="5d40a8100d33f16948ef3112eade0632"/>
	<Res filename="Client/WindowsNoEditor/HT/Content/Movies/FFMpeg/Story/HM_U00C00_09.mp4" filesize="313016110" md5="b79b3154474b18b372d610ac06292630"/>
	<Res filename="Client/WindowsNoEditor/HT/Content/Movies/FFMpeg/Story/HM_U00C00_11.mp4" filesize="57028566" md5="59db0e8acf618fc6c8928f4f0d195d5a"/>
	<Res filename="Client/WindowsNoEditor/HT/Content/Movies/FFMpeg/Story/q110137.mp4" filesize="96407746" md5="c31a004d62bc5c5eccccc72f201f92c6"/>
	<Res filename="Client/WindowsNoEditor/HT/Content/Movies/SampleVideo.usm" filesize="81280576" md5="8a4b79707c1406458ee2d2fc0257c287"/>
	<Res filename="Client/WindowsNoEditor/HT/Content/Movies/UI_HD/UI_HD_Car08.mp4" filesize="63299736" md5="4c63708a1d330d8fbd4be252b25970f7"/>
	<Res filename="Client/WindowsNoEditor/HT/Content/Movies/UI_HD/UI_HD_video04.mp4" filesize="79649416" md5="d7e956f098a535a8a74978b6fc68b113"/>
	<Res filename="Client/WindowsNoEditor/HT/Content/Paks/pakchunk0-Windows.pak" filesize="3165505766" md5="db07cbf028caaac81fd2443618416ce7" blockSize="6">
		<Block index="0" start="0" size="536870912" md5="f441ae7f4ed897ad414320d14264c58b"/>
		<Block index="1" start="536870912" size="536870912" md5="e5c5395f7534c03dae9c596930cfc386"/>
		<Block index="2" start="1073741824" size="536870912" md5="1a7ade5c7a6604b24fe8f93d43041afa"/>
		<Block index="3" start="1610612736" size="536870912" md5="f4b1eba9bd9dabcc00ca7fff6c20625d"/>
		<Block index="4" start="2147483648" size="536870912" md5="95c40ab8cec87b4ca8ac2493a689f1e7"/>
		<Block index="5" start="2684354560" size="481151206" md5="67f42e25808c44f7240159ffee1730aa"/>
	</Res>
	<Res filename="Client/WindowsNoEditor/HT/Content/Paks/pakchunk1-Windows.pak" filesize="12421876058" md5="29f41c4502d18d476f84ebd1c0a07354" blockSize="24">
		<Block index="0" start="0" size="536870912" md5="8d14fe904d02dd134d004307c8a8ed50"/>
		<Block index="1" start="536870912" size="536870912" md5="03f55bee30efd630e767d704eaabdbb1"/>
		<Block index="2" start="1073741824" size="536870912" md5="771f73f4d53022045b2528a652c8dec1"/>
		<Block index="3" start="1610612736" size="536870912" md5="184b06ca482c3cae35fd8aa378646135"/>
		<Block index="4" start="2147483648" size="536870912" md5="88243f6620ce337e1ae42fa51d50654b"/>
		<Block index="5" start="2684354560" size="536870912" md5="65e2d53877126555935e9acbddd0905b"/>
		<Block index="6" start="3221225472" size="536870912" md5="eec83160018ce8e9ac3a83e1b26d3d95"/>
		<Block index="7" start="3758096384" size="536870912" md5="8c584b46298962ada22ddcee8494e67a"/>
		<Block index="8" start="4294967296" size="536870912" md5="e09191b5713552f009f7ec430b333360"/>
		<Block index="9" start="4831838208" size="536870912" md5="28c1af342c3c2c1b5b8795e1701baa98"/>
		<Block index="10" start="5368709120" size="536870912" md5="a310534d7907c7d62f348fc8951738cb"/>
		<Block index="11" start="5905580032" size="536870912" md5="4b37d2a8ef5240dcf75ca3cd41cb598c"/>
		<Block index="12" start="6442450944" size="536870912" md5="0ee219d09bfb8474b53401b2e17fb8d6"/>
		<Block index="13" start="6979321856" size="536870912" md5="cef19511d639f507929fb6c48d158d78"/>
		<Block index="14" start="7516192768" size="536870912" md5="3b4bbaed6908841cd7fa799f8108cda4"/>
		<Block index="15" start="8053063680" size="536870912" md5="7f871f1275204d80f1b49486156716dc"/>
		<Block index="16" start="8589934592" size="536870912" md5="b71366f3a7dd86d0e47a07e40056b51d"/>
		<Block index="17" start="9126805504" size="536870912" md5="a642b12c3bb5743f9c5436f620eddabd"/>
		<Block index="18" start="9663676416" size="536870912" md5="5dad61391a542b3571c1ad30081bea76"/>
		<Block index="19" start="10200547328" size="536870912" md5="8a2c659e37b0a3088a490680008b52c6"/>
		<Block index="20" start="10737418240" size="536870912" md5="8ada5e324cf1939c8ca760a7832908f2"/>
		<Block index="21" start="11274289152" size="536870912" md5="9ca544064df9a516f625306b5aa782a8"/>
		<Block index="22" start="11811160064" size="536870912" md5="9555351116e646dd869b90ba60593a00"/>
		<Block index="23" start="12348030976" size="73845082" md5="5290804dc2ccab3cd7814e22b7a0b358"/>
	</Res>
	<Res filename="Client/WindowsNoEditor/HT/Content/Paks/pakchunk2-Windows.pak" filesize="339165265" md5="8ad6965bafdf111a92455043afcd096b"/>
	<Res filename="Client/WindowsNoEditor/HT/Content/Paks/pakchunk3-Windows.pak" filesize="649807306" md5="39eb0e508c26c0ea3d2d5ba8c30a9782" blockSize="2">
		<Block index="0" start="0" size="536870912" md5="5c20ef365ffe1d010e3cee041dbef7ce"/>
		<Block index="1" start="536870912" size="112936394" md5="d46acb4752992aca411ea47715c12278"/>
	</Res>
	<Res filename="Client/WindowsNoEditor/HT/Content/Paks/pakchunk4-Windows.pak" filesize="398364068" md5="7640dc17f486edace7da44b1e5b14a3e"/>
	<Package>
		<Pak md5="b16270680953fc1588fa1c4830baa3ae" filesize="521442213">
			<Entry name="Client/WindowsNoEditor/HT/Content/Movies/FFMpeg/Story/HM_U00C00_07.srt" start="51954" offset="52101" size="142" md5="f7d0a9fdae473f237b7a6744e1c8c3bd"/>
			<Entry name="Client/WindowsNoEditor/HT/Content/Movies/FFMpeg/Story/q110137.srt" start="52243" offset="52385" size="189" md5="59d6a26bd02a356e8f036055ad35c30e"/>
			<Entry name="Client/WindowsNoEditor/Engine/Content/Slate/Cursor/invisible.cur" start="52574" offset="52715" size="326" md5="2eada1ffcee14930f2c53a4d31b95c91"/>
			<Entry name="Client/WindowsNoEditor/HT/Content/Movies/FFMpeg/Story/HM_U00C00_04.srt" start="53041" offset="53188" size="576" md5="7108586a2b73e4998606ce450e333b10"/>
			<Entry name="Client/WindowsNoEditor/HT/Content/Movies/FFMpeg/Story/HM_U00C00_03.srt" start="53764" offset="53911" size="615" md5="9f51664dbfc5a9d19be332cbab3d8c0b"/>
			<Entry name="Client/WindowsNoEditor/Engine/Content/SlateDebug/Fonts/LastResort.tps" start="54526" offset="54672" size="916" md5="f3fa22ad0b723e24a7f8e731a5a4a0e1"/>
			<Entry name="Client/WindowsNoEditor/HT/Content/Movies/FFMpeg/Story/HM_U00C00_01.srt" start="55588" offset="55735" size="1035" md5="ef596d6223af77c4e85e9e94e6385445"/>
			<Entry name="Client/WindowsNoEditor/HT/Content/Movies/FFMpeg/Story/HM_U00C00_09.srt" start="56770" offset="56917" size="1047" md5="efa50a342b67457f830b6ad21375ab62"/>
			<Entry name="Client/WindowsNoEditor/HT/Content/Movies/FFMpeg/Story/HM_U00C00_10.srt" start="57964" offset="58111" size="1294" md5="697560214607c325814ace126403560c"/>
			<Entry name="Client/WindowsNoEditor/HT/Content/Movies/FFMpeg/Story/HM_U00C00_06.srt" start="59405" offset="59552" size="1431" md5="b0fc45e4e09a6519778ae677534fbe28"/>
			<Entry name="Client/WindowsNoEditor/HT/Binaries/Win64/boost_system-mt-x64.dll" start="60983" offset="61124" size="9728" md5="260d0234ab782edb00137be04c2be705"/>
			<Entry name="Client/WindowsNoEditor/HT/Binaries/Win64/boost_atomic-mt-x64.dll" start="70852" offset="70993" size="17408" md5="799877fdabb7da8842bfcf732a2e6352"/>
			<Entry name="Client/WindowsNoEditor/HT/Content/Paks/pakchunk2-Windows.sig" start="88401" offset="88538" size="21232" md5="f4cc911dd1e5137e0cbdbb8ec7393523" check="1"/>
			<Entry name="Client/WindowsNoEditor/HT/Binaries/Win64/api-ms-win-core-string-l1-1-0.dll" start="109770" offset="109921" size="22112" md5="575eba56aa4c2e409d643f719cd1dbba"/>
			<Entry name="Client/WindowsNoEditor/Engine/Binaries/Win64/api-ms-win-core-string-l1-1-0.dll" start="132033" offset="132188" size="22112" md5="575eba56aa4c2e409d643f719cd1dbba"/>
			<Entry name="Client/WindowsNoEditor/HT/Binaries/Win64/api-ms-win-crt-time-l1-1-0.dll" start="154300" offset="154448" size="22120" md5="76455596ccdd9b075d140fd82ae05790"/>
			<Entry name="Client/WindowsNoEditor/HT/Binaries/Win64/api-ms-win-crt-filesystem-l1-1-0.dll" start="176568" offset="176722" size="22120" md5="b83a1737d839d6106bb92d7d4b3dbed4"/>
			<Entry name="Client/WindowsNoEditor/HT/Binaries/Win64/api-ms-win-crt-environment-l1-1-0.dll" start="198842" offset="198997" size="22120" md5="859c13dfb783115ed36eb95037b7241e"/>
			<Entry name="Client/WindowsNoEditor/HT/Binaries/Win64/api-ms-win-crt-conio-l1-1-0.dll" start="221117" offset="221266" size="22120" md5="ab1a23bf00ace7433c859205d518fa5c"/>
			<Entry name="Client/WindowsNoEditor/HT/Binaries/Win64/api-ms-win-core-timezone-l1-1-0.dll" start="243386" offset="243539" size="22120" md5="ef40498ce0b6cf020d9ea8ed88992584"/>
			<Entry name="Client/WindowsNoEditor/HT/Binaries/Win64/api-ms-win-core-sysinfo-l1-1-0.dll" start="265659" offset="265811" size="22120" md5="dace0193b6820ed7812f7346b9382c05"/>
			<Entry name="Client/WindowsNoEditor/HT/Binaries/Win64/api-ms-win-core-profile-l1-1-0.dll" start="287931" offset="288083" size="22120" md5="4649d1ad31dd375bfaea35c9423f1d96"/>
			<Entry name="Client/WindowsNoEditor/HT/Binaries/Win64/api-ms-win-core-processthreads-l1-1-1.dll" start="310203" offset="310362" size="22120" md5="6362e38d6c8138711da8f3be9bcc72cd"/>
			<Entry name="Client/WindowsNoEditor/HT/Binaries/Win64/api-ms-win-core-processthreads-l1-1-0.dll" start="332482" offset="332641" size="22120" md5="953139610362f102b41b125ea7208070"/>
			<Entry name="Client/WindowsNoEditor/HT/Binaries/Win64/api-ms-win-core-interlocked-l1-1-0.dll" start="354761" offset="354917" size="22120" md5="26dd73913f6487700025e760df6402ee"/>
			<Entry name="Client/WindowsNoEditor/HT/Binaries/Win64/api-ms-win-core-file-l2-1-0.dll" start="377037" offset="377186" size="22120" md5="855bea02e0a624407c36b109b841db59"/>
			<Entry name="Client/WindowsNoEditor/HT/Binaries/Win64/api-ms-win-core-file-l1-2-0.dll" start="399306" offset="399455" size="22120" md5="75c8a3c1dfe2096f1a2c6ba51de7196f"/>
			<Entry name="Client/WindowsNoEditor/HT/Binaries/Win64/api-ms-win-core-datetime-l1-1-0.dll" start="421575" offset="421728" size="22120" md5="1754ecb52a0c9fb6f11c43476975be9e"/>
			<Entry name="Client/WindowsNoEditor/Engine/Binaries/Win64/api-ms-win-crt-time-l1-1-0.dll" start="443848" offset="444000" size="22120" md5="76455596ccdd9b075d140fd82ae05790"/>
			<Entry name="Client/WindowsNoEditor/Engine/Binaries/Win64/api-ms-win-crt-filesystem-l1-1-0.dll" start="466120" offset="466278" size="22120" md5="b83a1737d839d6106bb92d7d4b3dbed4"/>
			<Entry name="Client/WindowsNoEditor/Engine/Binaries/Win64/api-ms-win-crt-environment-l1-1-0.dll" start="488398" offset="488557" size="22120" md5="859c13dfb783115ed36eb95037b7241e"/>
			<Entry name="Client/WindowsNoEditor/Engine/Binaries/Win64/api-ms-win-crt-conio-l1-1-0.dll" start="510677" offset="510830" size="22120" md5="ab1a23bf00ace7433c859205d518fa5c"/>
			<Entry name="Client/WindowsNoEditor/Engine/Binaries/Win64/api-ms-win-core-timezone-l1-1-0.dll" start="532950" offset="533107" size="22120" md5="ef40498ce0b6cf020d9ea8ed88992584"/>
			<Entry name="Client/WindowsNoEditor/Engine/Binaries/Win64/api-ms-win-core-sysinfo-l1-1-0.dll" start="555227" offset="555383" size="22120" md5="dace0193b6820ed7812f7346b9382c05"/>
			<Entry name="Client/WindowsNoEditor/Engine/Binaries/Win64/api-ms-win-core-profile-l1-1-0.dll" start="577503" offset="577659" size="22120" md5="4649d1ad31dd375bfaea35c9423f1d96"/>
			<Entry name="Client/WindowsNoEditor/Engine/Binaries/Win64/api-ms-win-core-processthreads-l1-1-1.dll" start="599779" offset="599942" size="22120" md5="6362e38d6c8138711da8f3be9bcc72cd"/>
			<Entry name="Client/WindowsNoEditor/Engine/Binaries/Win64/api-ms-win-core-processthreads-l1-1-0.dll" start="622062" offset="622225" size="22120" md5="953139610362f102b41b125ea7208070"/>
			<Entry name="Client/WindowsNoEditor/Engine/Binaries/Win64/api-ms-win-core-interlocked-l1-1-0.dll" start="644345" offset="644505" size="22120" md5="26dd73913f6487700025e760df6402ee"/>
			<Entry name="Client/WindowsNoEditor/Engine/Binaries/Win64/api-ms-win-core-file-l2-1-0.dll" start="666625" offset="666778" size="22120" md5="855bea02e0a624407c36b109b841db59"/>
			<Entry name="Client/WindowsNoEditor/Engine/Binaries/Win64/api-ms-win-core-file-l1-2-0.dll" start="688898" offset="689051" size="22120" md5="75c8a3c1dfe2096f1a2c6ba51de7196f"/>
			<Entry name="Client/WindowsNoEditor/Engine/Binaries/Win64/api-ms-win-core-datetime-l1-1-0.dll" start="711171" offset="711328" size="22120" md5="1754ecb52a0c9fb6f11c43476975be9e"/>
			<Entry name="Client/WindowsNoEditor/HT/Binaries/Win64/api-ms-win-crt-utility-l1-1-0.dll" start="733448" offset="733599" size="22136" md5="c4101780e1a10227eadd8669c42601fa"/>
			<Entry name="Client/WindowsNoEditor/HT/Binaries/Win64/api-ms-win-crt-process-l1-1-0.dll" start="755735" offset="755886" size="22136" md5="4c64207eac5b781b2f28d3c98d86ddfb"/>
			<Entry name="Client/WindowsNoEditor/HT/Binaries/Win64/api-ms-win-crt-locale-l1-1-0.dll" start="778022" offset="778172" size="22136" md5="2ca6aecd962341ef2565ddc8fd5bc127"/>
			<Entry name="Client/WindowsNoEditor/HT/Binaries/Win64/api-ms-win-crt-heap-l1-1-0.dll" start="800308" offset="800456" size="22136" md5="d50203f25306427ccc9935ec45431b95"/>
			<Entry name="Client/WindowsNoEditor/HT/Binaries/Win64/api-ms-win-core-util-l1-1-0.dll" start="822592" offset="822741" size="22136" md5="ed447c74d9047cbfcc66878b063d31be"/>
			<Entry name="Client/WindowsNoEditor/HT/Binaries/Win64/api-ms-win-core-synch-l1-2-0.dll" start="844877" offset="845027" size="22136" md5="35f6657e323c4e5ac56e7697ea3cc54b"/>
			<Entry name="Client/WindowsNoEditor/HT/Binaries/Win64/api-ms-win-core-synch-l1-1-0.dll" start="867163" offset="867313" size="22136" md5="d6dad6b6adb40eafdb89da01acf6742b"/>
			<Entry name="Client/WindowsNoEditor/HT/Binaries/Win64/api-ms-win-core-rtlsupport-l1-1-0.dll" start="889449" offset="889604" size="22136" md5="251d9a3f3ec2e5a8997ce8d7450e443f"/>
			<Entry name="Client/WindowsNoEditor/HT/Binaries/Win64/api-ms-win-core-processenvironment-l1-1-0.dll" start="911740" offset="911903" size="22136" md5="162689d6edafcb3eb00fb50d01ee5287"/>
			<Entry name="Client/WindowsNoEditor/HT/Binaries/Win64/api-ms-win-core-namedpipe-l1-1-0.dll" start="934039" offset="934193" size="22136" md5="e6afcee6449426ec7aade8946d995f00"/>
			<Entry name="Client/WindowsNoEditor/HT/Binaries/Win64/api-ms-win-core-memory-l1-1-0.dll" start="956329" offset="956480" size="22136" md5="e80ab3c9dfd2574944f7e823b99d9ca3"/>
			<Entry name="Client/WindowsNoEditor/HT/Binaries/Win64/api-ms-win-core-localization-l1-2-0.dll" start="978616" offset="978773" size="22136" md5="7f629d273ac801725d19df76990a68df"/>
			<Entry name="Client/WindowsNoEditor/HT/Binaries/Win64/api-ms-win-core-libraryloader-l1-1-0.dll" start="1000909" offset="1001067" size="22136" md5="9bfa838217a723d82f2139bd9fa92169"/>
			<Entry name="Client/WindowsNoEditor/HT/Binaries/Win64/api-ms-win-core-heap-l1-1-0.dll" start="1023203" offset="1023352" size="22136" md5="c5de5376fe71ca643e633505209da913"/>
			<Entry name="Client/WindowsNoEditor/HT/Binaries/Win64/api-ms-win-core-handle-l1-1-0.dll" start="1045488" offset="1045639" size="22136" md5="5f0f6443699fb844cd2a6684ce279b6d"/>
			<Entry name="Client/WindowsNoEditor/HT/Binaries/Win64/api-ms-win-core-fibers-l1-1-0.dll" start="1067775" offset="1067926" size="22136" md5="b4c1a9ef2cf923a81969faf2f74e5c18"/>
			<Entry name="Client/WindowsNoEditor/HT/Binaries/Win64/api-ms-win-core-errorhandling-l1-1-0.dll" start="1090062" offset="1090220" size="22136" md5="a575281e93dcdc2f95857b7e2b365361"/>
			<Entry name="Client/WindowsNoEditor/HT/Binaries/Win64/api-ms-win-core-debug-l1-1-0.dll" start="1112356" offset="1112506" size="22136" md5="31b55653d51de75f30be2eea85aead0f"/>
			<Entry name="Client/WindowsNoEditor/HT/Binaries/Win64/api-ms-win-core-console-l1-2-0.dll" start="1134642" offset="1134794" size="22136" md5="ea89c2fa795992b7cabc1cf64e2d1e1b"/>
			<Entry name="Client/WindowsNoEditor/HT/Binaries/Win64/api-ms-win-core-console-l1-1-0.dll" start="1156930" offset="1157082" size="22136" md5="8805de8aead10a48193b54f882a7763a"/>
			<Entry name="Client/WindowsNoEditor/Engine/Binaries/Win64/api-ms-win-crt-utility-l1-1-0.dll" start="1179218" offset="1179373" size="22136" md5="c4101780e1a10227eadd8669c42601fa"/>
			<Entry name="Client/WindowsNoEditor/Engine/Binaries/Win64/api-ms-win-crt-process-l1-1-0.dll" start="1201509" offset="1201664" size="22136" md5="4c64207eac5b781b2f28d3c98d86ddfb"/>
			<Entry name="Client/WindowsNoEditor/Engine/Binaries/Win64/api-ms-win-crt-locale-l1-1-0.dll" start="1223800" offset="1223954" size="22136" md5="2ca6aecd962341ef2565ddc8fd5bc127"/>
			<Entry name="Client/WindowsNoEditor/Engine/Binaries/Win64/api-ms-win-crt-heap-l1-1-0.dll" start="1246090" offset="1246242" size="22136" md5="d50203f25306427ccc9935ec45431b95"/>
			<Entry name="Client/WindowsNoEditor/Engine/Binaries/Win64/api-ms-win-core-util-l1-1-0.dll" start="1268378" offset="1268531" size="22136" md5="ed447c74d9047cbfcc66878b063d31be"/>
			<Entry name="Client/WindowsNoEditor/Engine/Binaries/Win64/api-ms-win-core-synch-l1-2-0.dll" start="1290667" offset="1290821" size="22136" md5="35f6657e323c4e5ac56e7697ea3cc54b"/>
			<Entry name="Client/WindowsNoEditor/Engine/Binaries/Win64/api-ms-win-core-synch-l1-1-0.dll" start="1312957" offset="1313111" size="22136" md5="d6dad6b6adb40eafdb89da01acf6742b"/>
			<Entry name="Client/WindowsNoEditor/Engine/Binaries/Win64/api-ms-win-core-rtlsupport-l1-1-0.dll" start="1335247" offset="1335406" size="22136" md5="251d9a3f3ec2e5a8997ce8d7450e443f"/>
			<Entry name="Client/WindowsNoEditor/Engine/Binaries/Win64/api-ms-win-core-processenvironment-l1-1-0.dll" start="1357542" offset="1357709" size="22136" md5="162689d6edafcb3eb00fb50d01ee5287"/>
			<Entry name="Client/WindowsNoEditor/Engine/Binaries/Win64/api-ms-win-core-namedpipe-l1-1-0.dll" start="1379845" offset="1380003" size="22136" md5="e6afcee6449426ec7aade8946d995f00"/>
			<Entry name="Client/WindowsNoEditor/Engine/Binaries/Win64/api-ms-win-core-memory-l1-1-0.dll" start="1402139" offset="1402294" size="22136" md5="e80ab3c9dfd2574944f7e823b99d9ca3"/>
			<Entry name="Client/WindowsNoEditor/Engine/Binaries/Win64/api-ms-win-core-localization-l1-2-0.dll" start="1424430" offset="1424591" size="22136" md5="7f629d273ac801725d19df76990a68df"/>
			<Entry name="Client/WindowsNoEditor/Engine/Binaries/Win64/api-ms-win-core-libraryloader-l1-1-0.dll" start="1446727" offset="1446889" size="22136" md5="9bfa838217a723d82f2139bd9fa92169"/>
			<Entry name="Client/WindowsNoEditor/Engine/Binaries/Win64/api-ms-win-core-heap-l1-1-0.dll" start="1469025" offset="1469178" size="22136" md5="c5de5376fe71ca643e633505209da913"/>
			<Entry name="Client/WindowsNoEditor/Engine/Binaries/Win64/api-ms-win-core-handle-l1-1-0.dll" start="1491314" offset="1491469" size="22136" md5="5f0f6443699fb844cd2a6684ce279b6d"/>
			<Entry name="Client/WindowsNoEditor/Engine/Binaries/Win64/api-ms-win-core-fibers-l1-1-0.dll" start="1513605" offset="1513760" size="22136" md5="b4c1a9ef2cf923a81969faf2f74e5c18"/>
			<Entry name="Client/WindowsNoEditor/Engine/Binaries/Win64/api-ms-win-core-errorhandling-l1-1-0.dll" start="1535896" offset="1536058" size="22136" md5="a575281e93dcdc2f95857b7e2b365361"/>
			<Entry name="Client/WindowsNoEditor/Engine/Binaries/Win64/api-ms-win-core-debug-l1-1-0.dll" start="1558194" offset="1558348" size="22136" md5="31b55653d51de75f30be2eea85aead0f"/>
			<Entry name="Client/WindowsNoEditor/Engine/Binaries/Win64/api-ms-win-core-console-l1-2-0.dll" start="1580484" offset="1580640" size="22136" md5="ea89c2fa795992b7cabc1cf64e2d1e1b"/>
			<Entry name="Client/WindowsNoEditor/Engine/Binaries/Win64/api-ms-win-core-console-l1-1-0.dll" start="1602776" offset="1602932" size="22136" md5="8805de8aead10a48193b54f882a7763a"/>
			<Entry name="Client/WindowsNoEditor/HT/Content/Paks/pakchunk4-Windows.sig" start="1625068" offset="1625205" size="24844" md5="99a46fe11d9b09ec0abe6bf451bf93e6"/>
			<Entry name="Client/WindowsNoEditor/HT/Binaries/Win64/X3DAudio1_7.dll" start="1650049" offset="1650182" size="24920" md5="b4ff2a39685c1a6d43f0e56eb350af3a"/>
			<Entry name="Client/WindowsNoEditor/Engine/Binaries/Win64/X3DAudio1_7.dll" start="1675102" offset="1675239" size="24920" md5="b4ff2a39685c1a6d43f0e56eb350af3a"/>
			<Entry name="Client/WindowsNoEditor/HT/Binaries/Win64/api-ms-win-crt-string-l1-1-0.dll" start="1700159" offset="1700309" size="26216" md5="98b05e06c6ab62d854307a18e38626c0"/>
			<Entry name="Client/WindowsNoEditor/HT/Binaries/Win64/api-ms-win-crt-stdio-l1-1-0.dll" start="1726525" offset="1726674" size="26216" md5="c9103f6861fa14345cfb763189292cb4"/>
			<Entry name="Client/WindowsNoEditor/HT/Binaries/Win64/api-ms-win-crt-runtime-l1-1-0.dll" start="1752890" offset="1753041" size="26216" md5="bb6023337b1f327d65bd07c13ced515e"/>
			<Entry name="Client/WindowsNoEditor/HT/Binaries/Win64/api-ms-win-crt-convert-l1-1-0.dll" start="1779257" offset="1779408" size="26216" md5="48ba542c275d6ace740b4aa548157473"/>
			<Entry name="Client/WindowsNoEditor/Engine/Binaries/Win64/api-ms-win-crt-string-l1-1-0.dll" start="1805624" offset="1805778" size="26216" md5="98b05e06c6ab62d854307a18e38626c0"/>
			<Entry name="Client/WindowsNoEditor/Engine/Binaries/Win64/api-ms-win-crt-stdio-l1-1-0.dll" start="1831994" offset="1832147" size="26216" md5="c9103f6861fa14345cfb763189292cb4"/>
			<Entry name="Client/WindowsNoEditor/Engine/Binaries/Win64/api-ms-win-crt-runtime-l1-1-0.dll" start="1858363" offset="1858518" size="26216" md5="bb6023337b1f327d65bd07c13ced515e"/>
			<Entry name="Client/WindowsNoEditor/Engine/Binaries/Win64/api-ms-win-crt-convert-l1-1-0.dll" start="1884734" offset="1884889" size="26216" md5="48ba542c275d6ace740b4aa548157473"/>
			<Entry name="Client/WindowsNoEditor/HT/Binaries/Win64/api-ms-win-core-file-l1-1-0.dll" start="1911105" offset="1911254" size="26232" md5="8142799f92638d67267278d2fcab85e0"/>
			<Entry name="Client/WindowsNoEditor/Engine/Binaries/Win64/api-ms-win-core-file-l1-1-0.dll" start="1937486" offset="1937639" size="26232" md5="8142799f92638d67267278d2fcab85e0"/>
			<Entry name="Client/WindowsNoEditor/HT/Binaries/Win64/api-ms-win-crt-multibyte-l1-1-0.dll" start="1963871" offset="1964024" size="30328" md5="a6c2eecc89b696cb2e7aa52c08f3fecb"/>
			<Entry name="Client/WindowsNoEditor/HT/Binaries/Win64/api-ms-win-crt-math-l1-1-0.dll" start="1994352" offset="1994500" size="30328" md5="4c344ba3ea55d42a089abee91273bae3"/>
			<Entry name="Client/WindowsNoEditor/Engine/Binaries/Win64/api-ms-win-crt-multibyte-l1-1-0.dll" start="2024828" offset="2024985" size="30328" md5="a6c2eecc89b696cb2e7aa52c08f3fecb"/>
			<Entry name="Client/WindowsNoEditor/Engine/Binaries/Win64/api-ms-win-crt-math-l1-1-0.dll" start="2055313" offset="2055465" size="30328" md5="4c344ba3ea55d42a089abee91273bae3"/>
			<Entry name="Client/WindowsNoEditor/HT/Binaries/Win64/msvcp140_codecvt_ids.dll" start="2085793" offset="2085935" size="31856" md5="165308ee66d0b8f11ca20f3bcd410ea9"/>
			<Entry name="Client/WindowsNoEditor/Engine/Binaries/Win64/msvcp140_codecvt_ids.dll" start="2117791" offset="2117937" size="31856" md5="165308ee66d0b8f11ca20f3bcd410ea9"/>
			<Entry name="Client/WindowsNoEditor/HT/Binaries/Win64/boost_chrono-mt-x64.dll" start="2149793" offset="2149934" size="35328" md5="caa8b28148b7e2fcf6073c0244d9809c"/>
			<Entry name="Client/WindowsNoEditor/HT/Binaries/Win64/msvcp140_1.dll" start="2185262" offset="2185394" size="35920" md5="7b0a25eee764d8747f02cb3ed980f07a"/>
			<Entry name="Client/WindowsNoEditor/Engine/Binaries/Win64/msvcp140_1.dll" start="2221314" offset="2221450" size="35920" md5="7b0a25eee764d8747f02cb3ed980f07a"/>
			<Entry name="Client/WindowsNoEditor/Engine/Binaries/ThirdParty/Vorbis/Win64/VS2015/libvorbisfile_64.dll" start="2257370" offset="2257537" size="37888" md5="f453241dec90dbfa5b7322cc4a67a143"/>
			<Entry name="Client/WindowsNoEditor/HT/Binaries/Win64/vcruntime140_threads.dll" start="2295425" offset="2295567" size="38512" md5="5f533a0a43600153ecde78abaa7d614e"/>
			<Entry name="Client/WindowsNoEditor/Engine/Binaries/Win64/vcruntime140_threads.dll" start="2334079" offset="2334225" size="38512" md5="5f533a0a43600153ecde78abaa7d614e"/>
			<Entry name="Client/WindowsNoEditor/HT/Content/Paks/pakchunk3-Windows.sig" start="2372737" offset="2372874" size="40192" md5="c1a9f510a6b277bdd0837dcc2059239a" check="1"/>
			<Entry name="Client/WindowsNoEditor/Engine/Binaries/ThirdParty/CEF3/Win64/snapshot_blob.bin" start="2413066" offset="2413221" size="48390" md5="86022b054628e3f079c0c8db40d0fe2f"/>
			<Entry name="Client/WindowsNoEditor/HT/Binaries/Win64/boost_iostreams-mt-x64.dll" start="2461611" offset="2461755" size="48640" md5="5f72f845162f07dd3476037e39ac31e6"/>
			<Entry name="Client/WindowsNoEditor/Engine/Binaries/ThirdParty/Ogg/Win64/VS2015/libogg_64.dll" start="2510395" offset="2510552" size="49152" md5="cd1f16736ccc5dd8c8ce8525957f4cfb"/>
			<Entry name="Client/WindowsNoEditor/HT/Binaries/Win64/vcruntime140_1.dll" start="2559704" offset="2559840" size="49744" md5="eb49c1d33b41eb49dfed58aafa9b9a8f"/>
			<Entry name="Client/WindowsNoEditor/Engine/Binaries/Win64/vcruntime140_1.dll" start="2609584" offset="2609724" size="49744" md5="eb49c1d33b41eb49dfed58aafa9b9a8f"/>
			<Entry name="Client/WindowsNoEditor/HT/Binaries/Win64/appstate.dll" start="2659468" offset="2659598" size="50176" md5="9e45fa6382a17ad17457f0bcfa3e8d87"/>
			<Entry name="Client/WindowsNoEditor/HT/Binaries/Win64/msvcp140_atomic_wait.dll" start="2709774" offset="2709916" size="50280" md5="6722344b74084d0af629283060716bae"/>
			<Entry name="Client/WindowsNoEditor/Engine/Binaries/Win64/msvcp140_atomic_wait.dll" start="2760196" offset="2760342" size="50280" md5="6722344b74084d0af629283060716bae"/>
			<Entry name="Client/WindowsNoEditor/HT/Binaries/Win64/webbrowser.dll" start="2810622" offset="2810754" size="51200" md5="9d2a941494d1b0eaedbc177318063cda"/>
			<Entry name="Client/WindowsNoEditor/HT/Binaries/Win64/pspay.dll" start="2861954" offset="2862081" size="51712" md5="2e2fbb995516fd4af3977bc9620f842e"/>
			<Entry name="Client/WindowsNoEditor/HT/Binaries/Win64/tbbmalloc.dll" start="2913793" offset="2913924" size="55296" md5="26a797b5812c7e06883fa5ee4de921aa"/>
			<Entry name="Client/WindowsNoEditor/Engine/Binaries/Win64/tbbmalloc.dll" start="2969220" offset="2969355" size="55296" md5="26a797b5812c7e06883fa5ee4de921aa"/>
			<Entry name="Client/WindowsNoEditor/HT/Binaries/Win64/pfa.dll" start="3024651" offset="3024776" size="60928" md5="4d16286d974944c3294310db6d37b752"/>
			<Entry name="Client/WindowsNoEditor/HT/Binaries/Win64/webapi.dll" start="3085704" offset="3085832" size="69632" md5="2b4d1fd4610a11130532f6f8bf83feed"/>
			<Entry name="Client/WindowsNoEditor/HT/Binaries/Win64/boost_thread-mt-x64.dll" start="3155464" offset="3155605" size="74240" md5="e54b8fca16dfd8352068df4757d4c354"/>
			<Entry name="Client/WindowsNoEditor/HT/Binaries/Win64/api-ms-win-crt-private-l1-1-0.dll" start="3229845" offset="3229996" size="75368" md5="d93d91324a28653d8580420f347190bb"/>
			<Entry name="Client/WindowsNoEditor/Engine/Binaries/Win64/api-ms-win-crt-private-l1-1-0.dll" start="3305364" offset="3305519" size="75368" md5="d93d91324a28653d8580420f347190bb"/>
			<Entry name="Client/WindowsNoEditor/HT/Binaries/Win64/XAPOFX1_5.dll" start="3380887" offset="3381018" size="77656" md5="e9739ae8b2fa28dcd6f2ef5525da8827"/>
			<Entry name="Client/WindowsNoEditor/Engine/Binaries/Win64/XAPOFX1_5.dll" start="3458674" offset="3458809" size="77656" md5="e9739ae8b2fa28dcd6f2ef5525da8827"/>
			<Entry name="Client/WindowsNoEditor/HT/Binaries/Win64/xinput1_3.dll" start="3536465" offset="3536596" size="107368" md5="bfb3091b167550ec6e6454813d3db244"/>
			<Entry name="Client/WindowsNoEditor/Engine/Binaries/Win64/xinput1_3.dll" start="3643964" offset="3644099" size="107368" md5="bfb3091b167550ec6e6454813d3db244"/>
			<Entry name="Client/WindowsNoEditor/HT/Binaries/Win64/vcruntime140.dll" start="3751467" offset="3751601" size="119376" md5="e9b690fbe5c4b96871214379659dd928"/>
			<Entry name="Client/WindowsNoEditor/Engine/Binaries/Win64/vcruntime140.dll" start="3870977" offset="3871115" size="119376" md5="e9b690fbe5c4b96871214379659dd928"/>
			<Entry name="Client/WindowsNoEditor/HT/Plugins/Wwise/ThirdParty/x64_vc170/Release/bin/AkSilenceGenerator.dll" start="3990491" offset="3990663" size="123712" md5="5c1e6d010ab1ddb418799addb901751c"/>
			<Entry name="Client/WindowsNoEditor/HT/Plugins/Wwise/ThirdParty/x64_vc170/Release/bin/Ak3DAudioBedMixer.dll" start="4114375" offset="4114546" size="127296" md5="9a6e0c74f2ae22eaa24c651a739212a7"/>
			<Entry name="Client/WindowsNoEditor/HT/Binaries/Win64/WPGlobalSDK_64.dll" start="4241842" offset="4241978" size="127488" md5="0f504f041edc5d00a5d12e3729ef95f6"/>
			<Entry name="Client/WindowsNoEditor/HT/Binaries/Win64/apithrottle.dll" start="4369466" offset="4369599" size="128512" md5="3a281c75f647ec45d0c7f6951a376ed4"/>
			<Entry name="Client/WindowsNoEditor/HT/Binaries/Win64/WPOneSDK_64.dll" start="4498111" offset="4498244" size="128512" md5="14057bfd9cd977e9c3fdb179d49646f8"/>
			<Entry name="Client/WindowsNoEditor/HT/Plugins/Wwise/ThirdParty/x64_vc170/Release/bin/AkGain.dll" start="4626756" offset="4626916" size="131904" md5="d4f7a21c6250d1460cbf80de09bff882"/>
			<Entry name="Client/WindowsNoEditor/HT/Plugins/Wwise/ThirdParty/x64_vc170/Release/bin/AkSineTone.dll" start="4758820" offset="4758984" size="132416" md5="edfb9ffe327e94499dd306779e9384a2"/>
			<Entry name="Client/WindowsNoEditor/HT/Plugins/Wwise/ThirdParty/x64_vc170/Release/bin/AkRecorder.dll" start="4891400" offset="4891564" size="132416" md5="23d8bc5e0423632b71d4522dca6f0537"/>
			<Entry name="Client/WindowsNoEditor/HT/Plugins/Wwise/ThirdParty/x64_vc170/Release/bin/AkAudioInput.dll" start="5023980" offset="5024146" size="132416" md5="61eae810de93bce96110aba62694dbd3"/>
			<Entry name="Client/WindowsNoEditor/HT/Plugins/Wwise/ThirdParty/x64_vc170/Release/bin/AkDelay.dll" start="5156562" offset="5156723" size="137024" md5="6ede378e081bb313c810f9d7a1989d67"/>
			<Entry name="Client/WindowsNoEditor/HT/Plugins/Wwise/ThirdParty/x64_vc170/Release/bin/AkPeakLimiter.dll" start="5293747" offset="5293914" size="140096" md5="8a4a1c97d3c1369c82be139f363ce699"/>
			<Entry name="Client/WindowsNoEditor/HT/Binaries/Win64/boost_filesystem-mt-x64.dll" start="5434010" offset="5434155" size="140288" md5="909cb0dd75f2e7f9296e79662753526c"/>
			<Entry name="Client/WindowsNoEditor/HT/Plugins/Wwise/ThirdParty/x64_vc170/Release/bin/AkExpander.dll" start="5574443" offset="5574607" size="148800" md5="b623dd7dede961effc4a8532e08c1ac5"/>
			<Entry name="Client/WindowsNoEditor/HT/Plugins/Wwise/ThirdParty/x64_vc170/Release/bin/AkCompressor.dll" start="5723407" offset="5723573" size="148800" md5="42fd6c07b78ae8bf27f44feb7af8591d"/>
			<Entry name="Client/WindowsNoEditor/HT/Plugins/Wwise/ThirdParty/x64_vc170/Release/bin/AkToneGen.dll" start="5872373" offset="5872536" size="152384" md5="55ebeea77e475e292d3ef7d82a85e103"/>
			<Entry name="Client/WindowsNoEditor/HT/Plugins/Wwise/ThirdParty/x64_vc170/Release/bin/AkTremolo.dll" start="6024920" offset="6025083" size="156480" md5="c3570213a7fbf9d7554d2294db776c91"/>
			<Entry name="Client/WindowsNoEditor/HT/Plugins/Wwise/ThirdParty/x64_vc170/Release/bin/AkFlanger.dll" start="6181563" offset="6181726" size="158528" md5="2ba53ae71b98f03daf612bbad9f83b8a"/>
			<Entry name="Client/WindowsNoEditor/HT/Plugins/Wwise/ThirdParty/x64_vc170/Release/bin/AkParametricEQ.dll" start="6340254" offset="6340422" size="160576" md5="52428d8d72f51dfff4551e3417ae1eee"/>
			<Entry name="Client/WindowsNoEditor/Engine/Binaries/ThirdParty/CEF3/Win64/v8_context_snapshot.bin" start="6500998" offset="6501159" size="165509" md5="dbca662006c4a767c50614ff65c49ef0"/>
			<Entry name="Client/WindowsNoEditor/HT/Plugins/Wwise/ThirdParty/x64_vc170/Release/bin/AkPitchShifter.dll" start="6666668" offset="6666836" size="166720" md5="8975737560ae45a03e069c6db820eb2f"/>
			<Entry name="Client/WindowsNoEditor/Engine/Plugins/Runtime/Nvidia/Streamline/Binaries/ThirdParty/Win64/sl.pcl.dll" start="6833556" offset="6833733" size="167896" md5="f903e6d6d1858103d4a4b535a56e0f44"/>
			<Entry name="Client/WindowsNoEditor/HT/Plugins/Wwise/ThirdParty/x64_vc170/Release/bin/AkGuitarDistortion.dll" start="7001629" offset="7001801" size="171840" md5="1199d42e22807097c563c0bf955d8da2"/>
			<Entry name="Client/WindowsNoEditor/HT/Plugins/Wwise/ThirdParty/x64_vc170/Release/bin/AkStereoDelay.dll" start="7173641" offset="7173808" size="173376" md5="82b4d6923b567e79d93088eb58c02135"/>
			<Entry name="Client/WindowsNoEditor/Engine/Plugins/Runtime/Nvidia/Streamline/Binaries/ThirdParty/Win64/sl.reflex.dll" start="7347184" offset="7347364" size="177120" md5="4f09972810fd031efc1a37c1a2ac18df"/>
			<Entry name="Client/WindowsNoEditor/HT/Plugins/Wwise/ThirdParty/x64_vc170/Release/bin/AkSynthOne.dll" start="7524484" offset="7524648" size="177472" md5="0d631c1567540af1957dc9d984e622c5"/>
			<Entry name="Client/WindowsNoEditor/Engine/Plugins/Runtime/Nvidia/Streamline/Binaries/ThirdParty/Win64/sl.deepdvc.dll" start="7702120" offset="7702301" size="186848" md5="c73d564404dd35a8656f73628615d665"/>
			<Entry name="Client/WindowsNoEditor/HT/Binaries/Win64/boost_python311-mt-x64.dll" start="7889149" offset="7889293" size="192512" md5="f65d289f66265f36778d8c64fb5b1b70"/>
			<Entry name="Client/WindowsNoEditor/HT/Content/Paks/pakchunk0-Windows.sig" start="8081805" offset="8081942" size="193736" md5="f04981453abea2ad679afdba35e7ede1"/>
			<Entry name="Client/WindowsNoEditor/HT/Plugins/Wwise/ThirdParty/x64_vc170/Release/bin/AkMatrixReverb.dll" start="8275678" offset="8275846" size="198464" md5="bd028ccc1a2d8bd15da4d9dfb2967fea"/>
			<Entry name="Client/WindowsNoEditor/HT/Binaries/Win64/wmz.dll" start="8474310" offset="8474435" size="202240" md5="61299c3dbe01546115a32eda4f033dfc"/>
			<Entry name="Client/WindowsNoEditor/HT/Plugins/Wwise/ThirdParty/x64_vc170/Release/bin/AkReflect.dll" start="8676675" offset="8676838" size="203072" md5="7c744a586f8c3fed2a4b045ae7228585"/>
			<Entry name="Client/WindowsNoEditor/HT/Plugins/Wwise/ThirdParty/x64_vc170/Release/bin/AkSoundSeedAir.dll" start="8879910" offset="8880078" size="204608" md5="4c0504b816c2cf9a01cd949c9cf11b18"/>
			<Entry name="Client/WindowsNoEditor/HT/Binaries/Win64/tbb.dll" start="9084686" offset="9084811" size="213504" md5="b3ba3b550f4ad8a23126cf040d396bf6"/>
			<Entry name="Client/WindowsNoEditor/Engine/Binaries/Win64/tbb.dll" start="9298315" offset="9298444" size="213504" md5="b3ba3b550f4ad8a23126cf040d396bf6"/>
			<Entry name="Client/WindowsNoEditor/HT/Plugins/Wwise/ThirdParty/x64_vc170/Release/bin/AkMotion.dll" start="9511948" offset="9512110" size="220992" md5="79c3924be21ea50e64721966b85e0e0f"/>
			<Entry name="Client/WindowsNoEditor/HT/Plugins/Wwise/ThirdParty/x64_vc170/Release/bin/AkConvolutionReverb.dll" start="9733102" offset="9733275" size="233792" md5="bc7574a9ee109c25d91618d0ba37d36d"/>
			<Entry name="Client/WindowsNoEditor/HT/Binaries/Win64/boost_regex-mt-x64.dll" start="9967067" offset="9967207" size="234496" md5="3538715da788b89d0a11090d16638149"/>
			<Entry name="Client/WindowsNoEditor/HT/Plugins/Wwise/ThirdParty/x64_vc170/Release/bin/AkHarmonizer.dll" start="10201703" offset="10201869" size="236352" md5="95af638636588814e3a742727afb13c5"/>
			<Entry name="Client/WindowsNoEditor/HT/Plugins/Wwise/ThirdParty/x64_vc170/Release/bin/TencentGME.dll" start="10438221" offset="10438385" size="238400" md5="4edd98bb9a31041e1f933b9530c50bfb"/>
			<Entry name="Client/WindowsNoEditor/HT/Plugins/Wwise/ThirdParty/x64_vc170/Release/bin/AkTimeStretch.dll" start="10676785" offset="10676952" size="244032" md5="4807dec8f5f72dc71bb1a92ed81ee301"/>
			<Entry name="Client/WindowsNoEditor/HT/Binaries/Win64/WPLauncherSDK_64.dll" start="10920984" offset="10921122" size="246784" md5="d4a7818c02155fd920337014b3ba4517"/>
			<Entry name="Client/WindowsNoEditor/HT/Plugins/Wwise/ThirdParty/x64_vc170/Release/bin/AkRoomVerb.dll" start="11167906" offset="11168070" size="250176" md5="e64933c5bdab758ece86cb47655b6fd5"/>
			<Entry name="Client/WindowsNoEditor/Engine/Binaries/ThirdParty/CEF3/Win64/Resources/locales/en-GB.pak" start="11418246" offset="11418411" size="258784" md5="458fd955bb57f4ba8c1b7ece1984aa7c"/>
			<Entry name="Client/WindowsNoEditor/HT/Plugins/Wwise/ThirdParty/x64_vc170/Release/bin/CrankcaseAudioREVModelPlayer.dll" start="11677195" offset="11677377" size="258880" md5="0a8068a821faebd132aad535b6388c98"/>
			<Entry name="Client/WindowsNoEditor/Engine/Content/Renderer/TessellationTable.bin" start="11936257" offset="11936402" size="259568" md5="bc5d66a78840bfaff5bfc362de64afb8"/>
			<Entry name="Client/WindowsNoEditor/HT/Plugins/Wwise/ThirdParty/x64_vc170/Release/bin/MasteringSuite.dll" start="12195970" offset="12196138" size="259904" md5="1360060d56b4a7d8656adb7b674c8989"/>
			<Entry name="Client/WindowsNoEditor/Engine/Binaries/ThirdParty/CEF3/Win64/Resources/locales/en-US.pak" start="12456042" offset="12456207" size="262167" md5="90a7c0c53ecda606c48d66eb9621469f"/>
			<Entry name="Client/WindowsNoEditor/Engine/Binaries/ThirdParty/CEF3/Win64/Resources/locales/zh-TW.pak" start="12718374" offset="12718539" size="263978" md5="83cf11d532ddded908fb8feb6b702b89"/>
			<Entry name="Client/WindowsNoEditor/Engine/Binaries/ThirdParty/CEF3/Win64/Resources/locales/zh-CN.pak" start="12982517" offset="12982682" size="265445" md5="2ffbccab500c49a760a23814e5bd366a"/>
			<Entry name="Client/WindowsNoEditor/HT/Binaries/Win64/msvcp140_2.dll" start="13248127" offset="13248259" size="268392" md5="aa0148e20d34c10e01a4a9e1bab1d058"/>
			<Entry name="Client/WindowsNoEditor/Engine/Binaries/Win64/msvcp140_2.dll" start="13516651" offset="13516787" size="268392" md5="aa0148e20d34c10e01a4a9e1bab1d058"/>
			<Entry name="Client/WindowsNoEditor/Engine/Binaries/ThirdParty/CEF3/Win64/Resources/locales/id.pak" start="13785179" offset="13785341" size="279996" md5="a7dbd9246cbdae1447753d6326aaa7f3"/>
			<Entry name="Client/WindowsNoEditor/Engine/Binaries/ThirdParty/CEF3/Win64/Resources/locales/et.pak" start="14065337" offset="14065499" size="282645" md5="a3774afbfa0a780af02bbc8e7d3fff2e"/>
			<Entry name="Client/WindowsNoEditor/Engine/Binaries/ThirdParty/CEF3/Win64/Resources/locales/nb.pak" start="14348144" offset="14348306" size="286157" md5="1c6ce46b2b662bced3460e7de1893b43"/>
			<Entry name="Client/WindowsNoEditor/Engine/Binaries/ThirdParty/CEF3/Win64/Resources/locales/sv.pak" start="14634463" offset="14634625" size="287757" md5="b60f4cdcde2712460728c318ecd11f4e"/>
			<Entry name="Client/WindowsNoEditor/Engine/Binaries/ThirdParty/CEF3/Win64/Resources/locales/fi.pak" start="14922382" offset="14922544" size="290495" md5="43ba10a1a67769457ac86f0538b56ce9"/>
			<Entry name="Client/WindowsNoEditor/Engine/Binaries/ThirdParty/CEF3/Win64/Resources/locales/ms.pak" start="15213039" offset="15213201" size="292221" md5="c1f5cccd0a9ce79700d8a1f138fee2db"/>
			<Entry name="Client/WindowsNoEditor/HT/Binaries/Win64/tbb12.dll" start="15505422" offset="15505549" size="293376" md5="77eac9db2ccaac1708a3a678254e6725"/>
			<Entry name="Client/WindowsNoEditor/Engine/Binaries/ThirdParty/CEF3/Win64/Resources/locales/da.pak" start="15798925" offset="15799087" size="293792" md5="dbf67fff020b8f977c6eb83a5ada9ba4"/>
			<Entry name="Client/WindowsNoEditor/Engine/Binaries/ThirdParty/CEF3/Win64/Resources/locales/sw.pak" start="16092879" offset="16093041" size="295655" md5="c2eacfed7055cf089ef4eef0319da36a"/>
			<Entry name="Client/WindowsNoEditor/Engine/Binaries/ThirdParty/CEF3/Win64/Resources/locales/nl.pak" start="16388696" offset="16388858" size="295863" md5="77fedb396ef1a078c815bfe2ee70209e"/>
			<Entry name="Client/WindowsNoEditor/Engine/Binaries/ThirdParty/CEF3/Win64/Resources/locales/tr.pak" start="16684721" offset="16684883" size="306063" md5="4d83210379212cbf810d748e70503056"/>
			<Entry name="Client/WindowsNoEditor/Engine/Binaries/ThirdParty/CEF3/Win64/Resources/locales/it.pak" start="16990946" offset="16991108" size="307951" md5="7e53e5ce0f0ed1c148ddd4bfad667b34"/>
			<Entry name="Client/WindowsNoEditor/Engine/Binaries/ThirdParty/CEF3/Win64/Resources/locales/pt-BR.pak" start="17299059" offset="17299224" size="308037" md5="b0c6bf050ee8560dceb99f7f941b65b5"/>
			<Entry name="Client/WindowsNoEditor/Engine/Binaries/ThirdParty/CEF3/Win64/Resources/locales/es-419.pak" start="17607261" offset="17607427" size="312442" md5="6a53f36223df445dfe277b1d20a1b77a"/>
			<Entry name="Client/WindowsNoEditor/Engine/Binaries/ThirdParty/CEF3/Win64/Resources/locales/pt-PT.pak" start="17919869" offset="17920034" size="312611" md5="3f92231602c23966a77a8aca67f47c8f"/>
			<Entry name="Client/WindowsNoEditor/Engine/Binaries/ThirdParty/CEF3/Win64/Resources/locales/hr.pak" start="18232645" offset="18232807" size="313044" md5="496b0eafb9d70a574bf0ed7ec0981df5"/>
			<Entry name="Client/WindowsNoEditor/Engine/Binaries/ThirdParty/CEF3/Win64/Resources/locales/es.pak" start="18545851" offset="18546013" size="315159" md5="b95524a75d20ae0b552f56ce20e6c6ed"/>
			<Entry name="Client/WindowsNoEditor/Engine/Binaries/ThirdParty/CEF3/Win64/Resources/locales/de.pak" start="18861172" offset="18861334" size="316037" md5="48b63a9e963bba1fa1114f864eaea3b3"/>
			<Entry name="Client/WindowsNoEditor/Engine/Binaries/ThirdParty/CEF3/Win64/Resources/locales/sl.pak" start="19177371" offset="19177533" size="316275" md5="e230d7ec7fe70fb9437fa0f3e6cb9273"/>
			<Entry name="Client/WindowsNoEditor/Engine/Binaries/ThirdParty/CEF3/Win64/Resources/locales/ca.pak" start="19493808" offset="19493970" size="318594" md5="b5ccbd77605b7cdc145ed67b518da41f"/>
			<Entry name="Client/WindowsNoEditor/Engine/Binaries/ThirdParty/CEF3/Win64/Resources/locales/ko.pak" start="19812564" offset="19812726" size="318635" md5="18674de0b16be676410983a14f4f4612"/>
			<Entry name="Client/WindowsNoEditor/Engine/Binaries/ThirdParty/CEF3/Win64/Resources/locales/ro.pak" start="20131361" offset="20131523" size="320345" md5="5060adb00536f7955bde136d42a0e956"/>
			<Entry name="Client/WindowsNoEditor/HT/Binaries/Win64/concrt140.dll" start="20451868" offset="20451999" size="322672" md5="9485d003573e0eaf7952ab23cc82ef7b"/>
			<Entry name="Client/WindowsNoEditor/Engine/Binaries/Win64/concrt140.dll" start="20774671" offset="20774806" size="322672" md5="9485d003573e0eaf7952ab23cc82ef7b"/>
			<Entry name="Client/WindowsNoEditor/Engine/Binaries/ThirdParty/CEF3/Win64/Resources/locales/fil.pak" start="21097478" offset="21097641" size="325067" md5="f9cfb40f6bf2bec048a5e528d41ddb3c"/>
			<Entry name="Client/WindowsNoEditor/Engine/Binaries/ThirdParty/CEF3/Win64/Resources/locales/pl.pak" start="21422708" offset="21422870" size="325355" md5="df826bb020ab7f6ab269cc16bf413ea7"/>
			<Entry name="Client/WindowsNoEditor/Engine/Binaries/ThirdParty/CEF3/Win64/Resources/locales/cs.pak" start="21748225" offset="21748387" size="325971" md5="eb11415a7c49ff67a7eec63945f2ce74"/>
			<Entry name="Client/WindowsNoEditor/Engine/Binaries/ThirdParty/CEF3/Win64/Resources/locales/sk.pak" start="22074358" offset="22074520" size="331329" md5="ecc4fcc7d8ac383fc8b29a2243bc729d"/>
			<Entry name="Client/WindowsNoEditor/Engine/Binaries/ThirdParty/CEF3/Win64/Resources/locales/lv.pak" start="22405849" offset="22406011" size="334614" md5="6f61733994c4e7396f26884edc23e663"/>
			<Entry name="Client/WindowsNoEditor/Engine/Binaries/ThirdParty/CEF3/Win64/Resources/locales/hu.pak" start="22740625" offset="22740787" size="336131" md5="8cbaf4c42722a8dfafc1f163a4e77d55"/>
			<Entry name="Client/WindowsNoEditor/Engine/Binaries/ThirdParty/CEF3/Win64/Resources/locales/lt.pak" start="23076918" offset="23077080" size="337360" md5="6fe4f372d1a88c446ab949520cd73ff4"/>
			<Entry name="Client/WindowsNoEditor/Engine/Binaries/ThirdParty/CEF3/Win64/Resources/locales/fr.pak" start="23414440" offset="23414602" size="343306" md5="f90a48e4af5d40522cf5ba3e114913cd"/>
			<Entry name="Client/WindowsNoEditor/HT/Binaries/Win64/vccorlib140.dll" start="23757908" offset="23758041" size="348784" md5="e3e6aa23df3c78b29b0ee90e2712fc7e"/>
			<Entry name="Client/WindowsNoEditor/Engine/Binaries/Win64/vccorlib140.dll" start="24106825" offset="24106962" size="348784" md5="e3e6aa23df3c78b29b0ee90e2712fc7e"/>
			<Entry name="Client/WindowsNoEditor/HT/Binaries/Win64/boost_program_options-mt-x64.dll" start="24455746" offset="24455896" size="351232" md5="03d9bef577cdb5c2ac9ae75e60d61477"/>
			<Entry name="Client/WindowsNoEditor/Engine/Binaries/ThirdParty/CEF3/Win64/Resources/locales/vi.pak" start="24807128" offset="24807290" size="359978" md5="bdfe79afd9c2eea9db6cb43404efd10f"/>
			<Entry name="Client/WindowsNoEditor/Engine/Binaries/ThirdParty/CEF3/Win64/Resources/locales/ja.pak" start="25167268" offset="25167430" size="380325" md5="eea0ce087807d0c1901f0ef463cb6f4e"/>
			<Entry name="Client/WindowsNoEditor/HT/Binaries/Win64/global.dll" start="25547755" offset="25547883" size="389632" md5="208efffa8ba32c18570bf37293f6b316"/>
			<Entry name="Client/WindowsNoEditor/Engine/Binaries/ThirdParty/CEF3/Win64/Resources/locales/he.pak" start="25937515" offset="25937677" size="397651" md5="f9f21c518a726e679c687759564062eb"/>
			<Entry name="Client/WindowsNoEditor/Engine/Binaries/ThirdParty/CEF3/Win64/libEGL.dll" start="26335328" offset="26335476" size="403968" md5="d4e407625cc8cd005866905b86cca2a9"/>
			<Entry name="Client/WindowsNoEditor/Engine/Binaries/ThirdParty/CEF3/Win64/Resources/swiftshader/libEGL.dll" start="26739444" offset="26739614" size="421888" md5="9eada272c5be1659523be7b6c4b65459"/>
			<Entry name="Client/WindowsNoEditor/Engine/Plugins/Runtime/Nvidia/Streamline/Binaries/ThirdParty/Win64/sl.dlss_g.dll" start="27161502" offset="27161682" size="439264" md5="0ece0f5363a055acc46e013f60ae8d76"/>
			<Entry name="Client/WindowsNoEditor/HT/Binaries/Win64/analysis.dll" start="27600946" offset="27601076" size="447488" md5="4634b7fe3a28141884cc7b04487f3667"/>
			<Entry name="Client/WindowsNoEditor/Engine/Binaries/ThirdParty/CEF3/Win64/Resources/locales/am.pak" start="28048564" offset="28048726" size="452150" md5="3143227da913e2e17ee1c06515d14999"/>
			<Entry name="Client/WindowsNoEditor/Engine/Binaries/ThirdParty/CEF3/Win64/Resources/locales/fa.pak" start="28500876" offset="28501038" size="455382" md5="c2c0be35cca79c3b083172ba8f6e1bce"/>
			<Entry name="Client/WindowsNoEditor/Engine/Binaries/ThirdParty/CEF3/Win64/Resources/locales/ar.pak" start="28956420" offset="28956582" size="478581" md5="15903ea3a62c0521d4fb26e8c789cb79"/>
			<Entry name="Client/WindowsNoEditor/Engine/Binaries/ThirdParty/CEF3/Win64/Resources/locales/sr.pak" start="29435163" offset="29435325" size="487444" md5="29e6ae8c57f684caee75ce292d8e947f"/>
			<Entry name="Client/WindowsNoEditor/Engine/Binaries/ThirdParty/CEF3/Win64/Resources/locales/uk.pak" start="29922769" offset="29922931" size="512486" md5="7accb66081b07793b85f49bd98049a26"/>
			<Entry name="Client/WindowsNoEditor/Engine/Binaries/ThirdParty/CEF3/Win64/Resources/locales/ru.pak" start="30435417" offset="30435579" size="513810" md5="9c8edf9d0a330f3d6b50e194b14278f1"/>
			<Entry name="Client/WindowsNoEditor/Engine/Binaries/ThirdParty/CEF3/Win64/Resources/locales/bg.pak" start="30949389" offset="30949551" size="515618" md5="68be7ea62606849b36dc4101db9ff6f5"/>
			<Entry name="Client/WindowsNoEditor/HT/Binaries/Win64/XAudio2_7.dll" start="31465169" offset="31465300" size="518488" md5="4f7513ff4de6303088db28dcbcef372c"/>
			<Entry name="Client/WindowsNoEditor/Engine/Binaries/Win64/XAudio2_7.dll" start="31983788" offset="31983923" size="518488" md5="4f7513ff4de6303088db28dcbcef372c"/>
			<Entry name="Client/WindowsNoEditor/Engine/Plugins/Runtime/Nvidia/Streamline/Binaries/ThirdParty/Win64/sl.interposer.dll" start="32502411" offset="32502595" size="537056" md5="cde1c0408a1a26613d39d89696e10373"/>
			<Entry name="Client/WindowsNoEditor/Engine/Binaries/ThirdParty/CEF3/Win64/Resources/locales/el.pak" start="33039651" offset="33039813" size="564535" md5="f29eeac9e4fef04805e2e0127775830a"/>
			<Entry name="Client/WindowsNoEditor/HT/Binaries/Win64/msvcp140.dll" start="33604348" offset="33604478" size="573008" md5="c3d497b0afef4bd7e09c7559e1c75b05"/>
			<Entry name="Client/WindowsNoEditor/Engine/Binaries/Win64/msvcp140.dll" start="34177486" offset="34177620" size="573008" md5="c3d497b0afef4bd7e09c7559e1c75b05"/>
			<Entry name="Client/WindowsNoEditor/Engine/Binaries/ThirdParty/CEF3/Win64/Resources/locales/th.pak" start="34750628" offset="34750790" size="597955" md5="99c258194c6a2f3725ef1ecdd61633ac"/>
			<Entry name="Client/WindowsNoEditor/HT/Binaries/Win64/avatarface.dll" start="35348745" offset="35348877" size="606720" md5="b2d035d153663ca4cf451764e7bf8f22"/>
			<Entry name="Client/WindowsNoEditor/Engine/Binaries/ThirdParty/CEF3/Win64/Resources/locales/mr.pak" start="35955597" offset="35955759" size="628384" md5="e37e4584e2f218c4d9cad1502ee55bb6"/>
			<Entry name="Client/WindowsNoEditor/Engine/Binaries/ThirdParty/CEF3/Win64/Resources/locales/gu.pak" start="36584143" offset="36584305" size="642545" md5="1e29e91f37cab85972bafce24e735dfb"/>
			<Entry name="Client/WindowsNoEditor/Engine/Binaries/ThirdParty/CEF3/Win64/Resources/locales/hi.pak" start="37226850" offset="37227012" size="665934" md5="fdf32f7eb601f4721967e489ffc1a42b"/>
			<Entry name="Client/WindowsNoEditor/Engine/Binaries/ThirdParty/CEF3/Win64/Resources/locales/bn.pak" start="37892946" offset="37893108" size="671277" md5="735713f2ae9a845b1821487a192d1d0f"/>
			<Entry name="Client/WindowsNoEditor/Engine/Plugins/Runtime/Nvidia/Streamline/Binaries/ThirdParty/Win64/sl.common.dll" start="38564385" offset="38564565" size="676312" md5="7b42f53361cf08687945c5b22924b48a"/>
			<Entry name="Client/WindowsNoEditor/HT/Content/Movies/FFMpeg/Story/Tayge_q110150_Shot02.mp4" start="39240877" offset="39241032" size="686170" md5="6baac4decb34f72cba3e16718305077a"/>
			<Entry name="Client/WindowsNoEditor/Engine/Binaries/ThirdParty/CEF3/Win64/Resources/locales/te.pak" start="39927202" offset="39927364" size="707613" md5="6acbc2e3c0845d52a8af7c9eb8aa29c4"/>
			<Entry name="Client/WindowsNoEditor/Engine/Binaries/ThirdParty/CEF3/Win64/Resources/locales/kn.pak" start="40634977" offset="40635139" size="746654" md5="e0fcfbe60e84580fa8cec1d1e5b67e59"/>
			<Entry name="Client/WindowsNoEditor/HT/Binaries/Win64/WmgpMoblieGameSdk_64.dll" start="41381793" offset="41381935" size="748544" md5="b6c17dd0cf83ddc5dcd665a982625556"/>
			<Entry name="Client/WindowsNoEditor/HT/Binaries/Win64/cos.dll" start="42130479" offset="42130604" size="754176" md5="8240ecb80aa06d6db526a5004c800422"/>
			<Entry name="Client/WindowsNoEditor/Engine/Binaries/ThirdParty/CEF3/Win64/Resources/locales/ta.pak" start="42884780" offset="42884942" size="758488" md5="26737e88032aff83e145283a8a405798"/>
			<Entry name="Client/WindowsNoEditor/HT/Content/Paks/pakchunk1-Windows.sig" start="43643430" offset="43643567" size="758700" md5="d2fb7360eab83904ab43ee2406fb8772"/>
			<Entry name="Client/WindowsNoEditor/Engine/Binaries/ThirdParty/CEF3/Win64/Resources/chrome_100_percent.pak" start="44402267" offset="44402437" size="780548" md5="5b3d7aaeb81aa3502a57af94866f247d"/>
			<Entry name="Client/WindowsNoEditor/Engine/Binaries/ThirdParty/CEF3/Win64/Resources/locales/ml.pak" start="45182985" offset="45183147" size="782773" md5="d534771dcb24d92c11aeb2524e169297"/>
			<Entry name="Client/WindowsNoEditor/HT/Content/Movies/NTE-LOGO.mp4" start="45965920" offset="45966050" size="837345" md5="da64381ecd8d6b4b81d7789a55a79b57"/>
			<Entry name="Client/WindowsNoEditor/HT/Binaries/Win64/one.dll" start="46803395" offset="46803520" size="847360" md5="3f40acd82e3aa309f96d3da16b3f9290"/>
			<Entry name="Client/WindowsNoEditor/Engine/Binaries/ThirdParty/Windows/XAudio2_9/x64/xaudio2_9redist.dll" start="47650880" offset="47651048" size="847440" md5="835591acabfb69a6f9dace12711f2243"/>
			<Entry name="Client/WindowsNoEditor/HT/Content/Movies/FFMpeg/Story/Tayge_q110150_Ra.mp4" start="48498488" offset="48498639" size="869596" md5="b452e63fc85c284a59227839fcc6f45c"/>
			<Entry name="Client/WindowsNoEditor/HT/Content/Movies/HOTTA-LOGO.mp4" start="49368235" offset="49368367" size="900335" md5="118f96a0e94c40d4cd244dbf8dec227b"/>
			<Entry name="Client/WindowsNoEditor/HT/Content/Movies/NTE-LOGO_overseaEn.mp4" start="50268702" offset="50268842" size="968264" md5="c59ac702fe0b9773f6b7cdb7557f84f1"/>
			<Entry name="Client/WindowsNoEditor/HT/Content/Movies/UI_HD/UI_HD_video06.mp4" start="51237106" offset="51237247" size="976833" md5="143c2a22b8f2ed0b375a750930da1aba"/>
			<Entry name="Client/WindowsNoEditor/HT/Binaries/Win64/bearssl.dll" start="52214080" offset="52214209" size="986112" md5="5abd96955088ae9e6e69cec42a0c8f3c"/>
			<Entry name="Client/WindowsNoEditor/HT/Content/Movies/FFMpeg/Story/Tayge_q110150_Rc_1.mp4" start="53200321" offset="53200474" size="996408" md5="ca601ace2c9f6aae2aec9700b74dd84b"/>
			<Entry name="Client/WindowsNoEditor/HT/Content/Movies/FFMpeg/Story/Tayge_q110150_Rc.mp4" start="54196882" offset="54197033" size="996408" md5="b4660073271bfd79c2302afb4f8c7510"/>
			<Entry name="Client/WindowsNoEditor/HT/Binaries/Win64/ucrtbase.dll" start="55193441" offset="55193571" size="1123944" md5="6a44a2235d33b3f154fc50dc72e8ea61"/>
			<Entry name="Client/WindowsNoEditor/Engine/Binaries/Win64/ucrtbase.dll" start="56317515" offset="56317649" size="1123944" md5="6a44a2235d33b3f154fc50dc72e8ea61"/>
			<Entry name="Client/WindowsNoEditor/HT/Binaries/Win64/tbbmalloc.pdb" start="57441593" offset="57441724" size="1126400" md5="023fb38615b34752c0c486c5d580ad9a"/>
			<Entry name="Client/WindowsNoEditor/Engine/Binaries/Win64/tbbmalloc.pdb" start="58568124" offset="58568259" size="1126400" md5="023fb38615b34752c0c486c5d580ad9a"/>
			<Entry name="Client/WindowsNoEditor/Engine/Binaries/ThirdParty/CEF3/Win64/chrome_elf.dll" start="59694659" offset="59694811" size="1126400" md5="f9b49a5e3352a5e17b8411b7f1c36050"/>
			<Entry name="Client/WindowsNoEditor/Engine/Binaries/ThirdParty/CEF3/Win64/Resources/chrome_200_percent.pak" start="60821211" offset="60821381" size="1358791" md5="f8890823d5b487261efba17bd63ae903"/>
			<Entry name="Client/WindowsNoEditor/HT/Content/Movies/SphereVideo-Emoji.mp4" start="62180172" offset="62180311" size="1384087" md5="4d556924a0398857ecd58cf549171f53"/>
			<Entry name="Client/WindowsNoEditor/HT/Binaries/Win64/wmc.dll" start="63564398" offset="63564523" size="1443840" md5="39a339679058e795f733295e860d6837"/>
			<Entry name="Client/WindowsNoEditor/HT/Content/Movies/UI_HD/UI_HD_video03.mp4" start="65008363" offset="65008504" size="1473039" md5="738e4d0d94ea2bd1a5a094f006074436"/>
			<Entry name="Client/WindowsNoEditor/HT/Content/Movies/FFMpeg/Login2K.mp4" start="66481543" offset="66481679" size="1490080" md5="72cee7ff55a97525d1faa9b6accf6801"/>
			<Entry name="Client/WindowsNoEditor/HT/Content/Movies/FFMpeg/Story/Tayge_q110150_Shot07.mp4" start="67971759" offset="67971914" size="1533885" md5="a84c01acf9ca70c4d1f51a4342ace21e"/>
			<Entry name="Client/WindowsNoEditor/HT/Content/Movies/FFMpeg/Story/Tayge_q110150_Shot11.mp4" start="69505799" offset="69505954" size="1612196" md5="7e79b1318a4d3072b0f64bf5f372746d"/>
			<Entry name="Client/WindowsNoEditor/HT/Content/Movies/FFMpeg/Story/Tayge_q110150_Shot03.mp4" start="71118150" offset="71118305" size="1668479" md5="879d766eb79c3d609374d6ffc73b647c"/>
			<Entry name="Client/WindowsNoEditor/Engine/Binaries/ThirdParty/Vorbis/Win64/VS2015/libvorbis_64.dll" start="72786784" offset="72786947" size="1714176" md5="ce94029c20227191bf97f6d719b651c5"/>
			<Entry name="Client/WindowsNoEditor/HT/Content/Movies/FFMpeg/Story/Tayge_q110150_Shot04.mp4" start="74501123" offset="74501278" size="1776769" md5="efd62001f32faf2753176fe8a4fde968"/>
			<Entry name="Client/WindowsNoEditor/HT/Content/Movies/FFMpeg/Story/Tayge_q110150_Shot14.mp4" start="76278047" offset="76278202" size="1779244" md5="58da98fabf3902986270ad47f40db500"/>
			<Entry name="Client/WindowsNoEditor/HT/Plugins/Wwise/ThirdParty/x64_vc170/Release/bin/AkSoundEngineDLL.dll" start="78057446" offset="78057616" size="1807680" md5="2aff1dd8d2d946b089de7073b72b3a2d"/>
			<Entry name="Client/WindowsNoEditor/Engine/Binaries/ThirdParty/NVIDIA/NVaftermath/Win64/GFSDK_Aftermath_Lib.x64.dll" start="79865296" offset="79865475" size="1865216" md5="00d9315521c86a0c2bb6e8c21c4610e7"/>
			<Entry name="Client/WindowsNoEditor/HT/Content/Movies/FFMpeg/Story/Tayge_q110150_Shot19.mp4" start="81730691" offset="81730846" size="1880052" md5="8f0556eec8c5493c0091c830668eccee"/>
			<Entry name="Client/WindowsNoEditor/HT/Content/Movies/FFMpeg/Story/Tayge_q110150_Shot17.mp4" start="83610898" offset="83611053" size="1978534" md5="c18f05f96d25a5a498cc888a2f25d2f0"/>
			<Entry name="Client/WindowsNoEditor/Engine/Binaries/ThirdParty/DbgHelp/dbghelp.dll" start="85589587" offset="85589733" size="2221984" md5="f97b15a663eb59ba6a9fc766e703c103"/>
			<Entry name="Client/WindowsNoEditor/HT/Content/Movies/FFMpeg/Story/Story_q110118_P0.mp4" start="87811717" offset="87811868" size="2488407" md5="c5575321f3687674cd44bb3422a1d6f2"/>
			<Entry name="Client/WindowsNoEditor/Engine/Binaries/ThirdParty/MsQuic/v220/win64/msquic.dll" start="90300275" offset="90300430" size="2536368" md5="a2c1cdfb561609d7b61d6a04c10579a6"/>
			<Entry name="Client/WindowsNoEditor/HT/Plugins/Wwise/ThirdParty/x64_vc170/Release/bin/Auro.dll" start="92836798" offset="92836956" size="2568000" md5="149fc65401d39ea575bd9f49317dece8"/>
			<Entry name="Client/WindowsNoEditor/HT/Content/Movies/FFMpeg/Story/Story_q110118_P1.mp4" start="95404956" offset="95405107" size="2575886" md5="24281cd21f7eb47573e6de35a597b5ee"/>
			<Entry name="Client/WindowsNoEditor/HT/Content/Movies/FFMpeg/Story/Tayge_q110150_Shot05.mp4" start="97980993" offset="97981148" size="2675930" md5="8673d7a6368a64797a7319c5a15a427e"/>
			<Entry name="Client/WindowsNoEditor/HT/Content/Movies/FFMpeg/Story/Tayge_q110150_Shot16.mp4" start="100657078" offset="100657233" size="2688114" md5="00bc787092e97dbbd41be60e457ae881"/>
			<Entry name="Client/WindowsNoEditor/Engine/Binaries/ThirdParty/CEF3/Win64/Resources/swiftshader/libGLESv2.dll" start="103345347" offset="103345520" size="2745856" md5="acc98a721d54c98614a8b7361276adff"/>
			<Entry name="Client/WindowsNoEditor/HT/Content/Movies/FFMpeg/Story/Story_q110118_P4.mp4" start="106091376" offset="106091527" size="2770947" md5="1722e95825060de6493ae8d6bd996ca2"/>
			<Entry name="Client/WindowsNoEditor/HT/Binaries/Win64/CrashCapture.exe" start="108862474" offset="108862608" size="2821160" md5="3a67f9795deec68c924af434d93edd13"/>
			<Entry name="Client/WindowsNoEditor/HT/Content/Movies/FFMpeg/Story/Story_q110118_P5.mp4" start="111683768" offset="111683919" size="2827792" md5="5963be4cbd86e6ee7cb1cc297a628557"/>
			<Entry name="Client/WindowsNoEditor/HT/Binaries/Win64/tbb.pdb" start="114511711" offset="114511836" size="3010560" md5="eb32c96fc2d837a79bdf8987841785ac"/>
			<Entry name="Client/WindowsNoEditor/Engine/Binaries/Win64/tbb.pdb" start="117522396" offset="117522525" size="3010560" md5="eb32c96fc2d837a79bdf8987841785ac"/>
			<Entry name="Client/WindowsNoEditor/HT/Content/Movies/FFMpeg/Story/Tayge_q110150_01.mp4" start="120533085" offset="120533236" size="3014195" md5="854f3e7ba845892af3886d74f0733f8e"/>
			<Entry name="Client/WindowsNoEditor/HT/Content/Movies/FFMpeg/Story/Story_q110118_P2.mp4" start="123547431" offset="123547582" size="3139268" md5="178867a498f40185496010dc80483185"/>
			<Entry name="Client/WindowsNoEditor/HT/Content/Movies/FFMpeg/Story/Story_q110118_P3.mp4" start="126686850" offset="126687001" size="3251890" md5="69b0132c80272a7aeb9e7049f1cf4a7f"/>
			<Entry name="Client/WindowsNoEditor/HT/Plugins/Wwise/ThirdParty/x64_vc170/Release/bin/gmesdk.dll" start="129938891" offset="129939051" size="3881472" md5="600d3c3265bd4e2baf3d031d01584ede"/>
			<Entry name="Client/WindowsNoEditor/HT/Content/Movies/Sequence/HM_cang01_SD11_2D/SC11_2d.mp4" start="133820523" offset="133820679" size="4012670" md5="760e9ab8e033a9bda2f77d22175c7b89"/>
			<Entry name="Client/WindowsNoEditor/HT/Content/Movies/FFMpeg/Story/Tayge_q110150_Shot08.mp4" start="137833349" offset="137833504" size="4090233" md5="ea65562a5fcd22f373433b18aff5ebf4"/>
			<Entry name="Client/WindowsNoEditor/Engine/Binaries/ThirdParty/CEF3/Win64/d3dcompiler_47.dll" start="141923737" offset="141923893" size="4346120" md5="222d020bd33c90170a8296adc1b7036a"/>
			<Entry name="Client/WindowsNoEditor/HT/Content/Movies/FFMpeg/Story/Tayge_q110150_Shot01.mp4" start="146270013" offset="146270168" size="4622389" md5="bb8d66a1517f384f3d8a274c22a75488"/>
			<Entry name="Client/WindowsNoEditor/HT/Binaries/Win64/CrashSDK.dll" start="150892557" offset="150892687" size="4652072" md5="df9e4f1b4138214b7fe5a84301c46912"/>
			<Entry name="Client/WindowsNoEditor/Engine/Binaries/Win64/EpicWebHelper.exe" start="155544759" offset="155544898" size="4673024" md5="24a922bc6e3097f244086575308c6a8a"/>
			<Entry name="Client/WindowsNoEditor/HT/Content/Movies/Sequence/SC16_FX_v01.mp4" start="160217922" offset="160218064" size="5264185" md5="3bb09426c543bac76594bc077c040735"/>
			<Entry name="Client/WindowsNoEditor/Engine/Content/SlateDebug/Fonts/LastResort.ttf" start="165482249" offset="165482395" size="5395052" md5="89454f173319872a5fa975b26d028f9d"/>
			<Entry name="Client/WindowsNoEditor/HT/Binaries/Win64/D3D12/D3D12Core.dll" start="170877447" offset="170877584" size="5908408" md5="f2ba8763a1ef9857c4d4b7cab5631edb"/>
			<Entry name="Client/WindowsNoEditor/HT/Binaries/Win64/CrashClientReporter.exe" start="176785992" offset="176786133" size="5975592" md5="e761e1e6395e391e5fe8126c92a63e7b"/>
			<Entry name="Client/WindowsNoEditor/HT/Binaries/Win64/PatcherSDK_x64.dll" start="182761725" offset="182761861" size="6389800" md5="993763db565d56f06294077ef2da91a5"/>
			<Entry name="Client/WindowsNoEditor/Engine/Binaries/ThirdParty/CEF3/Win64/libGLESv2.dll" start="189151661" offset="189151812" size="6795776" md5="e766d6ab0036471af1e606fd77665291"/>
			<Entry name="Client/WindowsNoEditor/HT/Content/Movies/FFMpeg/Story/Tayge_q110150_Rb.mp4" start="195947588" offset="195947739" size="7115637" md5="ded7073f04bf3d601a53acdddb68cfc4"/>
			<Entry name="Client/WindowsNoEditor/Engine/Binaries/ThirdParty/CEF3/Win64/Resources/resources.pak" start="203063376" offset="203063537" size="7285408" md5="b6252587a16744802844fa4e1e5752a1"/>
			<Entry name="Client/WindowsNoEditor/HT/Content/Movies/FFMpeg/Story/Tayge_q110150_Shot06.mp4" start="210348945" offset="210349100" size="7516225" md5="b892cd9f88872f7581e019b45f89cd18"/>
			<Entry name="Client/WindowsNoEditor/HT/Content/Movies/FFMpeg/Skill/MintUtralSkill.mp4" start="217865325" offset="217865474" size="7638722" md5="ac768b7a1ad66c675a888c47ae1b1e59"/>
			<Entry name="Client/WindowsNoEditor/HT/Content/Movies/FFMpeg/Story/Tayge_q110150_Shot13.mp4" start="225504196" offset="225504351" size="8133826" md5="4ff334bbc8c08ea0fd83ba979fad95b3"/>
			<Entry name="Client/WindowsNoEditor/Engine/Plugins/Runtime/Nvidia/Streamline/Binaries/ThirdParty/Win64/nvngx_dlssg.dll" start="233638177" offset="233638359" size="9477688" md5="69e9f9dc32d0aef4e7c986e2339a0e52"/>
			<Entry name="Client/WindowsNoEditor/HT/Binaries/Win64/D3D12/d3d12SDKLayers.dll" start="243116047" offset="243116189" size="9525272" md5="d372bc0d8c0177903caa4551cf916631"/>
			<Entry name="Client/WindowsNoEditor/HT/Content/Movies/FFMpeg/Skill/SagiriUltraSkill.usm" start="252641461" offset="252641612" size="10038560" md5="d00a354f14f2754f815450652903dd33"/>
			<Entry name="Client/WindowsNoEditor/HT/Content/Movies/FFMpeg/Skill/FemaleUltraSkill.mp4" start="262680172" offset="262680323" size="10167681" md5="4be56c21575a56dbc62d69be6b90c02c"/>
			<Entry name="Client/WindowsNoEditor/Engine/Binaries/ThirdParty/CEF3/Win64/icudtl.dat" start="272848004" offset="272848152" size="10413488" md5="80a7528515595d8b0bf99a477a7eff0d"/>
			<Entry name="Client/WindowsNoEditor/Engine/Binaries/ThirdParty/CEF3/Win64/Resources/icudtl.dat" start="283261640" offset="283261798" size="10413488" md5="80a7528515595d8b0bf99a477a7eff0d"/>
			<Entry name="Client/WindowsNoEditor/HT/Content/Movies/FFMpeg/Story/Tayge_q110150_Shot10.mp4" start="293675286" offset="293675441" size="10685026" md5="fb83ce7f3d799ab348089ba853b61cf4"/>
			<Entry name="Client/WindowsNoEditor/HT/Content/Movies/FFMpeg/Skill/LacrimosaUltraSkill.mp4" start="304360467" offset="304360621" size="10999418" md5="2e30153e5cfe66829d80c99e95ccc190"/>
			<Entry name="Client/WindowsNoEditor/HT/Content/Movies/FFMpeg/Skill/NanallyUltraSkill.mp4" start="315360039" offset="315360191" size="11041250" md5="e9a94761414e036870d0d202f5f553dc"/>
			<Entry name="Client/WindowsNoEditor/HT/Content/Movies/FFMpeg/Story/Tayge_q110150_Shot12.mp4" start="326401441" offset="326401596" size="11044465" md5="7e51e4b738a1bb6d1186ff42c25562a8"/>
			<Entry name="Client/WindowsNoEditor/HT/Content/Movies/FFMpeg/Story/Tayge_q110150_Shot15.mp4" start="337446061" offset="337446216" size="11358654" md5="a6b8dade2dce3815ddc6c853269de67c"/>
			<Entry name="Client/WindowsNoEditor/HT/Content/Movies/FFMpeg/Skill/FemaleUltraSkill.usm" start="348804870" offset="348805021" size="11567424" md5="a35b10ed64cb5f7be75e27b1b1e33032"/>
			<Entry name="Client/WindowsNoEditor/HT/Content/Movies/DialogueSequence/FilmOrbit_sagiri_q110073.mp4" start="360372445" offset="360372608" size="11844315" md5="1f0044167d663b903c7a0720d50b9fb0"/>
			<Entry name="Client/WindowsNoEditor/HT/Content/Movies/FFMpeg/Skill/SagiriUltraSkill.mp4" start="372216923" offset="372217074" size="11941005" md5="c4a7b31f55f32373f31d1be19f481a4a"/>
			<Entry name="Client/WindowsNoEditor/Engine/Programs/CrashReportClient/Content/Paks/CrashReportClient.pak" start="384158079" offset="384158247" size="12051651" md5="7d2d134aead21d03ae9e6f95694a9db6"/>
			<Entry name="Client/WindowsNoEditor/HT/Content/Movies/FFMpeg/Skill/SkiaUtralSkill.mp4" start="396209898" offset="396210047" size="12132576" md5="6d8f47a55b865dc9fe5fd6c1c57432dc"/>
			<Entry name="Client/WindowsNoEditor/HT/Content/Movies/FFMpeg/Skill/MintUltralSkill.usm" start="408342623" offset="408342773" size="12360160" md5="52d4f454ae97ef156aa3caae4cfd7610"/>
			<Entry name="Client/WindowsNoEditor/Engine/Plugins/Runtime/Nvidia/Streamline/Binaries/ThirdParty/Win64/nvngx_deepdvc.dll" start="420702933" offset="420703117" size="12512824" md5="c379e4858f30a398564428ea3cc52bd4"/>
			<Entry name="Client/WindowsNoEditor/HT/Content/Movies/FFMpeg/Skill/FadiaUltraSkill.mp4" start="433215941" offset="433216091" size="13100099" md5="442ccfa3f3682c32aeeffdfc192fd4ba"/>
			<Entry name="Client/WindowsNoEditor/HT/Content/Movies/H264.usm" start="446316190" offset="446316316" size="13390368" md5="4cc1eb43791530f354d04c10136bc420"/>
			<Entry name="Client/WindowsNoEditor/HT/Content/Movies/FFMpeg/Story/Tayge_q110150_Shot18.mp4" start="459706684" offset="459706839" size="13438402" md5="df29336a59cea5ff59dc57b407c9ecd5"/>
			<Entry name="Client/WindowsNoEditor/HT/Content/Movies/FFMpeg/Skill/AdlerUltraSkill.mp4" start="473145241" offset="473145391" size="13531845" md5="527b95adc61f9175ff7424db355e4d3e"/>
			<Entry name="Client/WindowsNoEditor/HT/Content/Movies/UI_HD/UI_HD_video02.mp4" start="486677236" offset="486677377" size="17259157" md5="5861170f9e3a4ff3a54bf9aad49fe6ac"/>
			<Entry name="Client/WindowsNoEditor/HT/Content/Movies/Bigworld1/bigworldvido0.mp4" start="503936534" offset="503936679" size="17505534" md5="b1ae79e99e268c9b8a6d47035ecfe798"/>
		</Pak>
		<Pak md5="33af8d9466ce0ebb873cd1a1090f53fa" filesize="452625254">
			<Entry name="Client/WindowsNoEditor/HT/Content/Movies/FFMpeg/Story/Tayge_q110150_Re.mp4" start="1948" offset="2099" size="17821638" md5="58958039d0033f0b90e7d5568bbe78dd"/>
			<Entry name="Client/WindowsNoEditor/HT/Content/Movies/UI_HD/UI_HD_video01.mp4" start="17823737" offset="17823878" size="18727890" md5="e5abb774f8e4a02e92f87a43d774909a"/>
			<Entry name="Client/WindowsNoEditor/HT/Content/Movies/FFMpeg/Story/Tayge_q110150_Shot09.mp4" start="36551768" offset="36551923" size="18940342" md5="8f08f2f3ef89c9fe0f7646f29ae50e72"/>
			<Entry name="Client/WindowsNoEditor/HT/Content/Movies/FFMpeg/Story/Tayge_q110150_Rd.mp4" start="55492265" offset="55492416" size="24405517" md5="bbf5480bf4bd37e4de538ca3dca1bfc9"/>
			<Entry name="Client/WindowsNoEditor/Engine/Binaries/Win64/CrashReportClient.exe" start="79897933" offset="79898076" size="25724928" md5="890cb26374f2022d55d72f0813f715f8"/>
			<Entry name="Client/WindowsNoEditor/HT/Content/Movies/FFMpeg/Story/HM_temp.mp4" start="105623004" offset="105623146" size="26151236" md5="1a62712ae34cb1fb0d85e2f096142874"/>
			<Entry name="Client/WindowsNoEditor/HT/Content/Movies/FFMpeg/Story/MLPS_Hope.mp4" start="131774382" offset="131774526" size="34476333" md5="10d678df5e93c7408e8c6e14e0f41f6e"/>
			<Entry name="Client/WindowsNoEditor/HT/Content/Movies/FFMpeg/Story/C02.mp4" start="166250859" offset="166250997" size="42600789" md5="53d8fbe1007cb9b08f1ffbf18149f2fd"/>
			<Entry name="Client/WindowsNoEditor/HT/Content/Movies/Bigworld1/VideoVesta.mp4" start="208851786" offset="208851928" size="45953388" md5="f0c707999d0299fd10c28e258696a5cf"/>
			<Entry name="Client/WindowsNoEditor/HT/Content/Movies/FFMpeg/Story/C01.mp4" start="254805316" offset="254805454" size="46249435" md5="b7db2e115dbb6589d1e5b836286f083c"/>
			<Entry name="Client/WindowsNoEditor/HT/Binaries/Win64/OpenImageDenoise.dll" start="301054889" offset="301055027" size="49771920" md5="4b7ea8d37d71c64b73bab999411aac18"/>
			<Entry name="Client/WindowsNoEditor/Engine/Extras/Redist/en-us/UEPrereqSetup_x64.exe" start="350826947" offset="350827095" size="50521128" md5="7c6d890841def8978349f37f8af77242"/>
			<Entry name="Client/WindowsNoEditor/Engine/Plugins/Runtime/Nvidia/DLSS/Binaries/ThirdParty/Win64/nvngx_dlss.dll" start="401348223" offset="401348398" size="51276856" md5="12627ab9ee39858b6a28039a32d1b7c2"/>
		</Pak>
	</Package>
</ResList>
