<?xml version="1.0" ?>
<ResList version="1.0.17" tag="">
	<Res filename="Client/WindowsNoEditor/Engine/Binaries/ThirdParty/CEF3/Win64/libcef.dll" filesize="153114624" md5="3a1cb9e5814c6a22261824396f79b55d"/>
	<Res filename="Client/WindowsNoEditor/HT/Binaries/Win64/HTGame.exe" filesize="180864544" md5="9d3dad4e52195c2c20b242913bede2f1"/>
	<Res filename="Client/WindowsNoEditor/HT/Content/Movies/FFMpeg/Story/C03.mp4" filesize="55204705" md5="f455a7ce6aa6e96691778f205ef8894d"/>
	<Res filename="Client/WindowsNoEditor/HT/Content/Movies/FFMpeg/Story/HM_TJD01_002_a.mp4" filesize="274845043" md5="92a5d9fdacec70a8c659623420e607cc"/>
	<Res filename="Client/WindowsNoEditor/HT/Content/Movies/FFMpeg/Story/HM_TJD01_002_b.mp4" filesize="279283998" md5="4d121861ba2877a0036f01a79b38a0f2"/>
	<Res filename="Client/WindowsNoEditor/HT/Content/Movies/FFMpeg/Story/HM_TJD01_002_b_1106.mp4" filesize="280506552" md5="cdb3da4b496b25c4119769ef28177ec9"/>
	<Res filename="Client/WindowsNoEditor/HT/Content/Movies/FFMpeg/Story/HM_U00C00_01.mp4" filesize="281430826" md5="1fa5966365e29ef2c2693029f31be2d3"/>
	<Res filename="Client/WindowsNoEditor/HT/Content/Movies/FFMpeg/Story/HM_U00C00_03.mp4" filesize="167636875" md5="89c6094d486feb4371f7850e40f16595"/>
	<Res filename="Client/WindowsNoEditor/HT/Content/Movies/FFMpeg/Story/HM_U00C00_04.mp4" filesize="140483720" md5="da47aecbb2cd59c43f638dd50d5a44f5"/>
	<Res filename="Client/WindowsNoEditor/HT/Content/Movies/FFMpeg/Story/HM_U00C00_06.mp4" filesize="307600575" md5="0a74d17178a16f25ba657ad65de243e3"/>
	<Res filename="Client/WindowsNoEditor/HT/Content/Movies/FFMpeg/Story/HM_U00C00_07.mp4" filesize="162563940" md5="5d40a8100d33f16948ef3112eade0632"/>
	<Res filename="Client/WindowsNoEditor/HT/Content/Movies/FFMpeg/Story/HM_U00C00_09.mp4" filesize="313016110" md5="b79b3154474b18b372d610ac06292630"/>
	<Res filename="Client/WindowsNoEditor/HT/Content/Movies/FFMpeg/Story/HM_U00C00_11.mp4" filesize="57028566" md5="59db0e8acf618fc6c8928f4f0d195d5a"/>
	<Res filename="Client/WindowsNoEditor/HT/Content/Movies/FFMpeg/Story/HM_U01C02_003.mp4" filesize="92643759" md5="8ccb6fc354ce1970bf5439ad5b619167"/>
	<Res filename="Client/WindowsNoEditor/HT/Content/Movies/FFMpeg/Story/HM_cang01_003.mp4" filesize="307445475" md5="c4ea3ec30b676623ebbe5905f2485e4c"/>
	<Res filename="Client/WindowsNoEditor/HT/Content/Movies/FFMpeg/Story/q110137.mp4" filesize="92693271" md5="6d25b97d6f089619350da12ff57a1ce3"/>
	<Res filename="Client/WindowsNoEditor/HT/Content/Movies/SampleVideo.usm" filesize="81280576" md5="8a4b79707c1406458ee2d2fc0257c287"/>
	<Res filename="Client/WindowsNoEditor/HT/Content/Movies/UI_HD/UI_HD_Car08.mp4" filesize="63299736" md5="4c63708a1d330d8fbd4be252b25970f7"/>
	<Res filename="Client/WindowsNoEditor/HT/Content/Movies/UI_HD/UI_HD_video04.mp4" filesize="79649416" md5="d7e956f098a535a8a74978b6fc68b113"/>
	<Res filename="Client/WindowsNoEditor/HT/Content/Paks/pakchunk0-Windows.pak" filesize="3203701846" md5="093889a8aeb4c34334d20cf41e9d3851" blockSize="6">
		<Block index="0" start="0" size="536870912" md5="aa36136bbd9b2e349e3c756e5e593c17"/>
		<Block index="1" start="536870912" size="536870912" md5="91b7d62027e16a68e1a9043526b7e37e"/>
		<Block index="2" start="1073741824" size="536870912" md5="5c69e094fb31dcaadd084c22e6757b05"/>
		<Block index="3" start="1610612736" size="536870912" md5="ce4cf5c3bb5bf177bc42f92195e57fd7"/>
		<Block index="4" start="2147483648" size="536870912" md5="ff43d25ed80c4805c109bc524ca3f395"/>
		<Block index="5" start="2684354560" size="519347286" md5="eac80829fe029aa52792998f6a2b4ea5"/>
	</Res>
	<Res filename="Client/WindowsNoEditor/HT/Content/Paks/pakchunk1-Windows.pak" filesize="12867208618" md5="286bf7bf81e19d96f7e8f00d1c15fed9" blockSize="24">
		<Block index="0" start="0" size="536870912" md5="e8b6b4be760cb9f27cfdb9955c7fd217"/>
		<Block index="1" start="536870912" size="536870912" md5="e8a1a0e16766277157d4c20234e32958"/>
		<Block index="2" start="1073741824" size="536870912" md5="177a706717f8ad9ca1b4cf38851a389c"/>
		<Block index="3" start="1610612736" size="536870912" md5="b6d2c6f3f6447986a114361bea3312f3"/>
		<Block index="4" start="2147483648" size="536870912" md5="d569e52b45139bd2e749682d87d24f36"/>
		<Block index="5" start="2684354560" size="536870912" md5="1ba42ff8b8baba26f5e0fcd4f7d9ede6"/>
		<Block index="6" start="3221225472" size="536870912" md5="752259d159f1548ab3160eb2c4788995"/>
		<Block index="7" start="3758096384" size="536870912" md5="fc361d8a256218a426ca0630ae416855"/>
		<Block index="8" start="4294967296" size="536870912" md5="4be2df31af62c016b97bdcd61291da5b"/>
		<Block index="9" start="4831838208" size="536870912" md5="ab296736ee29f1ec1fca2fd10d3b24ee"/>
		<Block index="10" start="5368709120" size="536870912" md5="5f10cb2ec02284d1714aa19cd7a82028"/>
		<Block index="11" start="5905580032" size="536870912" md5="ec34240a1b5b846bcce67c04083df498"/>
		<Block index="12" start="6442450944" size="536870912" md5="8e276d8594ad1affb76aaa483939b933"/>
		<Block index="13" start="6979321856" size="536870912" md5="3212e0a41c1a53ee9ee2a340d82b0bf8"/>
		<Block index="14" start="7516192768" size="536870912" md5="4529764f1a315c5bc7b74625d83d6d4f"/>
		<Block index="15" start="8053063680" size="536870912" md5="eec3de036434ecb8d718ee364ef1150e"/>
		<Block index="16" start="8589934592" size="536870912" md5="f2d18f771450f3a577a6de93282c9f34"/>
		<Block index="17" start="9126805504" size="536870912" md5="207a481d6d679d0251d87d518e2f0f20"/>
		<Block index="18" start="9663676416" size="536870912" md5="9d12b8b170eac0438faef65a84794eb8"/>
		<Block index="19" start="10200547328" size="536870912" md5="cdf97c459fa1ef3cf6579c1a17317121"/>
		<Block index="20" start="10737418240" size="536870912" md5="43f4328df33edb60786068affecd9d87"/>
		<Block index="21" start="11274289152" size="536870912" md5="2bd41a6ca0113d9b5e01aea5c3ba1928"/>
		<Block index="22" start="11811160064" size="536870912" md5="91f5a694ba7a28f5de10fb6db09d79f5"/>
		<Block index="23" start="12348030976" size="519177642" md5="881f2eb93ed866d70b0a6a82bfa471d3"/>
	</Res>
	<Res filename="Client/WindowsNoEditor/HT/Content/Paks/pakchunk2-Windows.pak" filesize="339163377" md5="913f53911df7a1e1b68f0e8049d355e9"/>
	<Res filename="Client/WindowsNoEditor/HT/Content/Paks/pakchunk3-Windows.pak" filesize="651505178" md5="f38740b88efa68fbf90088c3edca8e55" blockSize="2">
		<Block index="0" start="0" size="536870912" md5="efc4be32e9326994c690063f2e33fe22"/>
		<Block index="1" start="536870912" size="114634266" md5="0b872526305a51db509f8d708cd7ca26"/>
	</Res>
	<Res filename="Client/WindowsNoEditor/HT/Content/Paks/pakchunk4-Windows.pak" filesize="407901335" md5="b662f359a103cc0b48019f96bc363659"/>
	<Res filename="Client/WindowsNoEditor/HT/Content/PatchPaks/pakchunk0-Windows_0_P.pak" filesize="1048929153" md5="0ed9f7b96c4dc0db93d3bfd87eadf05a" blockSize="2">
		<Block index="0" start="0" size="536870912" md5="67a52c2de1249e5d509ba521cbe0cbfa"/>
		<Block index="1" start="536870912" size="512058241" md5="bf3e061aa1766e24dc1c0e0484e6b78a"/>
	</Res>
	<Res filename="Client/WindowsNoEditor/HT/Content/PatchPaks/pakchunk1-Windows_0_P.pak" filesize="5731309861" md5="6c033ade294de7f680beeaf6020e6361" blockSize="11">
		<Block index="0" start="0" size="536870912" md5="d1676801f00c4a00d6897b08add6bc44"/>
		<Block index="1" start="536870912" size="536870912" md5="24d606901db08dfe3f537e918face2fa"/>
		<Block index="2" start="1073741824" size="536870912" md5="6f86736e6bcf60aaad407b3d35de8901"/>
		<Block index="3" start="1610612736" size="536870912" md5="c83996f45c8b650fb61e50be3be9448f"/>
		<Block index="4" start="2147483648" size="536870912" md5="55ecf544f4d4b14e75cc291316c1ba9e"/>
		<Block index="5" start="2684354560" size="536870912" md5="15be63c2e0db7762a301497405170cf5"/>
		<Block index="6" start="3221225472" size="536870912" md5="35c435c0b3066d611a960c563ec4e955"/>
		<Block index="7" start="3758096384" size="536870912" md5="26e7127b583c1172bb32dd52e701a267"/>
		<Block index="8" start="4294967296" size="536870912" md5="6b18c13ddb5472dbc512b5c7b42ffac1"/>
		<Block index="9" start="4831838208" size="536870912" md5="d0d8b6b3885f6073bae891dbc9d25c82"/>
		<Block index="10" start="5368709120" size="362600741" md5="a808ff673975c1266b6a4b66a8e50e56"/>
	</Res>
	<Res filename="Client/WindowsNoEditor/HT/Content/PatchPaks/pakchunk2-Windows_0_P.pak" filesize="195928058" md5="263155d49ce024e0c4f90ade5b67d33a"/>
	<Res filename="Client/WindowsNoEditor/HT/Content/PatchPaks/pakchunk3-Windows_0_P.pak" filesize="365398963" md5="e6438bf02216f0ef251e2e1150323c5d"/>
	<Res filename="Client/WindowsNoEditor/HT/Content/PatchPaks/pakchunk4-Windows_0_P.pak" filesize="401872543" md5="2624eaae005a95945141c0b27b09abab"/>
	<Package>
		<Pak md5="aa948461a3dda8722e069e6e73aac920" filesize="65186678">
			<Entry name="Client/WindowsNoEditor/HT/Content/PatchPaks/pakchunk2-Windows_0_P.sig" start="1198" offset="1344" size="12488" md5="eeaa81767b76f22096cb5a4776d54c8c"/>
			<Entry name="Client/WindowsNoEditor/HT/Content/PatchPaks/pakchunk3-Windows_0_P.sig" start="13832" offset="13978" size="22832" md5="0b770df362d161211fc9b19ee8ae0b73"/>
			<Entry name="Client/WindowsNoEditor/HT/Content/PatchPaks/pakchunk4-Windows_0_P.sig" start="36810" offset="36956" size="25060" md5="d4ef4e2e5f189061cb09baf8735842c7"/>
			<Entry name="Client/WindowsNoEditor/HT/Content/PatchPaks/pakchunk0-Windows_0_P.sig" start="62016" offset="62162" size="64552" md5="2cc733ca67ecb8722725dee21dcc8e6d"/>
			<Entry name="Client/WindowsNoEditor/HT/Binaries/Win64/AntiCheatExpert/ACE-Base.dat" start="126714" offset="126860" size="74532" md5="5ba662f8570745de332242e46fe847f7"/>
			<Entry name="Client/WindowsNoEditor/HT/Content/PatchPaks/pakchunk1-Windows_0_P.sig" start="201392" offset="201538" size="350340" md5="0bc3fded4b6c8d1842315e9560c22f84"/>
			<Entry name="Client/WindowsNoEditor/HT/Binaries/Win64/HTGameBase.dll" start="551878" offset="552010" size="28456352" md5="4c9a55bdd81ec0df1c781f7072506507" check="1"/>
			<Entry name="Client/WindowsNoEditor/HT/Binaries/Win64/AntiCheatExpert/ACE-Base64.dll" start="29008362" offset="29008510" size="36178168" md5="1516e779f17cd79ce51a5efa5a40f2ce" check="1"/>
		</Pak>
		<Pak md5="8c10eba47e9f58961bc0b4c0121bf28c" filesize="532901129">
			<Entry name="Client/WindowsNoEditor/HT/Binaries/Win64/AntiCheatExpert/ACE-Tray.exe" start="162063567" offset="162063713" size="4237656" md5="b4d2227230c8f7d3b93d53b3c41c25ca"/>
			<Entry name="Client/WindowsNoEditor/HT/Binaries/Win64/AntiCheatExpert/ACE-Service64.exe" start="125139554" offset="125139705" size="3275168" md5="0957deba0ba33acb7b33513ee20cad4a"/>
			<Entry name="Client/WindowsNoEditor/HT/Binaries/Win64/AntiCheatExpert/ACE-Setup64.exe" start="53796430" offset="53796579" size="981848" md5="e66cfe10ab6e09a584f84b04d6140935"/>
			<Entry name="Client/WindowsNoEditor/HT/Binaries/Win64/AntiCheatExpert/ACE-BOOT.sys" start="55764668" offset="55764814" size="1076336" md5="49810b19bdaf9271390ac95c9d2d2ec9"/>
			<Entry name="Client/WindowsNoEditor/HT/Binaries/Win64/AntiCheatExpert/ACE-BASE.sys" start="128414873" offset="128415019" size="3288760" md5="5d48eca681b31f1e66b0f28f15e34113"/>
			<Entry name="Client/WindowsNoEditor/HT/Content/Movies/NTE-LOGO_overseaEn.mp4" start="51851052" offset="51851192" size="968264" md5="c59ac702fe0b9773f6b7cdb7557f84f1"/>
			<Entry name="Client/WindowsNoEditor/HT/Content/Movies/SphereVideo-Emoji.mp4" start="64247181" offset="64247320" size="1384087" md5="4d556924a0398857ecd58cf549171f53"/>
			<Entry name="Client/WindowsNoEditor/HT/Content/Movies/NTE-LOGO.mp4" start="48418017" offset="48418147" size="837345" md5="da64381ecd8d6b4b81d7789a55a79b57"/>
			<Entry name="Client/WindowsNoEditor/HT/Content/Movies/HOTTA-LOGO.mp4" start="50950585" offset="50950717" size="900335" md5="118f96a0e94c40d4cd244dbf8dec227b"/>
			<Entry name="Client/WindowsNoEditor/HT/Content/Movies/H264.usm" start="436697388" offset="436697514" size="13390368" md5="4cc1eb43791530f354d04c10136bc420"/>
			<Entry name="Client/WindowsNoEditor/HT/Content/Movies/Bigworld1/bigworldvido0.mp4" start="496667419" offset="496667564" size="17505534" md5="b1ae79e99e268c9b8a6d47035ecfe798"/>
			<Entry name="Client/WindowsNoEditor/HT/Content/Movies/Sequence/HM_cang01_SD11_2D/SC11_2d.mp4" start="154001311" offset="154001467" size="4012670" md5="760e9ab8e033a9bda2f77d22175c7b89"/>
			<Entry name="Client/WindowsNoEditor/HT/Content/Movies/FFMpeg/Login2K.mp4" start="71443391" offset="71443527" size="1490080" md5="72cee7ff55a97525d1faa9b6accf6801"/>
			<Entry name="Client/WindowsNoEditor/HT/Content/Movies/FFMpeg/Story/HM_U00C00_03.srt" start="55160" offset="55307" size="615" md5="9f51664dbfc5a9d19be332cbab3d8c0b"/>
			<Entry name="Client/WindowsNoEditor/HT/Content/Movies/FFMpeg/Story/HM_U00C00_06.srt" start="63081" offset="63228" size="1431" md5="b0fc45e4e09a6519778ae677534fbe28"/>
			<Entry name="Client/WindowsNoEditor/HT/Content/Movies/FFMpeg/Story/HM_U00C00_10.srt" start="61640" offset="61787" size="1294" md5="697560214607c325814ace126403560c"/>
			<Entry name="Client/WindowsNoEditor/HT/Content/Movies/FFMpeg/Story/Tayge_q110150_Rc_1.mp4" start="46823893" offset="46824046" size="796910" md5="138a93649adcf9f3ca0b683e644187e2"/>
			<Entry name="Client/WindowsNoEditor/HT/Content/Movies/FFMpeg/Story/Tayge_q110150_Shot15.mp4" start="285965583" offset="285965738" size="10337717" md5="f6105c10f08a8d2e87e7404bb2bfc751"/>
			<Entry name="Client/WindowsNoEditor/HT/Content/Movies/FFMpeg/Story/HM_U00C00_01.srt" start="57997" offset="58144" size="1035" md5="ef596d6223af77c4e85e9e94e6385445"/>
			<Entry name="Client/WindowsNoEditor/HT/Content/Movies/FFMpeg/Story/Tayge_q110150_Rc.mp4" start="47620956" offset="47621107" size="796910" md5="138a93649adcf9f3ca0b683e644187e2"/>
			<Entry name="Client/WindowsNoEditor/HT/Content/Movies/FFMpeg/Story/Tayge_q110150_Shot06.mp4" start="208906749" offset="208906904" size="6667616" md5="13207ea7e90c8e8747dcd6b1b4b5768d"/>
			<Entry name="Client/WindowsNoEditor/HT/Content/Movies/FFMpeg/Story/Tayge_q110150_Shot10.mp4" start="138672997" offset="138673152" size="3737659" md5="83c92340f6e509fe990b49e3b009593a"/>
			<Entry name="Client/WindowsNoEditor/HT/Content/Movies/FFMpeg/Story/Tayge_q110150_Shot12.mp4" start="142410811" offset="142410966" size="3759048" md5="3adae3c6788503795eedb143146475fb"/>
			<Entry name="Client/WindowsNoEditor/HT/Content/Movies/FFMpeg/Story/Tayge_q110150_Re.mp4" start="463619877" offset="463620028" size="15788093" md5="18aab5648cfa55de9c338f2d6a8b1322"/>
			<Entry name="Client/WindowsNoEditor/HT/Content/Movies/FFMpeg/Story/HM_TJD01_002_a.srt" start="55922" offset="56071" size="864" md5="5bae7f2ad9b335ac1fada066b14ea52f"/>
			<Entry name="Client/WindowsNoEditor/HT/Content/Movies/FFMpeg/Story/HM_U00C00_04.srt" start="54437" offset="54584" size="576" md5="7108586a2b73e4998606ce450e333b10"/>
			<Entry name="Client/WindowsNoEditor/HT/Content/Movies/FFMpeg/Story/HM_U00C00_07.srt" start="53350" offset="53497" size="142" md5="f7d0a9fdae473f237b7a6744e1c8c3bd"/>
			<Entry name="Client/WindowsNoEditor/HT/Content/Movies/FFMpeg/Story/Tayge_q110150_Shot07.mp4" start="60215854" offset="60216009" size="1313542" md5="0f2b76f0a197b77817cacd82fced3c18"/>
			<Entry name="Client/WindowsNoEditor/HT/Content/Movies/FFMpeg/Story/Tayge_q110150_Shot09.mp4" start="150051646" offset="150051801" size="3949510" md5="50e1591de0ccff6e2ccf43bb0f197005"/>
			<Entry name="Client/WindowsNoEditor/HT/Content/Movies/FFMpeg/Story/Tayge_q110150_Shot14.mp4" start="74432310" offset="74432465" size="1506782" md5="cff0fcf4180ff997c0f36649d02567f3"/>
			<Entry name="Client/WindowsNoEditor/HT/Content/Movies/FFMpeg/Story/Tayge_q110150_Shot18.mp4" start="131703779" offset="131703934" size="3447605" md5="762f9962d224679d848507c846cdd232"/>
			<Entry name="Client/WindowsNoEditor/HT/Content/Movies/FFMpeg/Story/Tayge_q110150_Shot19.mp4" start="77653586" offset="77653741" size="1725734" md5="8e4bea8a99e7cabbe874506b986c1667"/>
			<Entry name="Client/WindowsNoEditor/HT/Content/Movies/FFMpeg/Story/HM_U00C00_09.srt" start="59179" offset="59326" size="1047" md5="efa50a342b67457f830b6ad21375ab62"/>
			<Entry name="Client/WindowsNoEditor/HT/Content/Movies/FFMpeg/Story/Tayge_q110150_01.mp4" start="115733748" offset="115733899" size="3014195" md5="854f3e7ba845892af3886d74f0733f8e"/>
			<Entry name="Client/WindowsNoEditor/HT/Content/Movies/FFMpeg/Story/Tayge_q110150_Shot01.mp4" start="158014137" offset="158014292" size="4049275" md5="596e275e789e4229c6abe96ad1c27263"/>
			<Entry name="Client/WindowsNoEditor/HT/Content/Movies/FFMpeg/Story/Tayge_q110150_Shot04.mp4" start="72933607" offset="72933762" size="1498548" md5="67f110cf6f28288f199f887641cfd7d1"/>
			<Entry name="Client/WindowsNoEditor/HT/Content/Movies/FFMpeg/Story/Tayge_q110150_Shot11.mp4" start="61529551" offset="61529706" size="1358514" md5="e955ba193f68495c50de24c533fc0d80"/>
			<Entry name="Client/WindowsNoEditor/HT/Content/Movies/FFMpeg/Skill/FemaleUltraSkill.usm" start="339186068" offset="339186219" size="11567424" md5="a35b10ed64cb5f7be75e27b1b1e33032"/>
			<Entry name="Client/WindowsNoEditor/HT/Content/Movies/FFMpeg/Skill/MintUltralSkill.usm" start="398723821" offset="398723971" size="12360160" md5="52d4f454ae97ef156aa3caae4cfd7610"/>
			<Entry name="Client/WindowsNoEditor/HT/Content/Movies/FFMpeg/Skill/SagiriUltraSkill.mp4" start="362598121" offset="362598272" size="11941005" md5="c4a7b31f55f32373f31d1be19f481a4a"/>
			<Entry name="Client/WindowsNoEditor/HT/Content/Movies/FFMpeg/Skill/MintUtralSkill.mp4" start="229656016" offset="229656165" size="7638722" md5="ac768b7a1ad66c675a888c47ae1b1e59"/>
			<Entry name="Client/WindowsNoEditor/HT/Content/Movies/FFMpeg/Skill/LacrimosaUltraSkill.mp4" start="317130737" offset="317130891" size="11013775" md5="7c9ec0ff24d0274ad7082cbb61466a20"/>
			<Entry name="Client/WindowsNoEditor/HT/Content/Movies/FFMpeg/Skill/NanallyUltraSkill.mp4" start="328144666" offset="328144818" size="11041250" md5="e9a94761414e036870d0d202f5f553dc"/>
			<Entry name="Client/WindowsNoEditor/HT/Content/Movies/FFMpeg/Skill/SkiaUtralSkill.mp4" start="386591096" offset="386591245" size="12132576" md5="6d8f47a55b865dc9fe5fd6c1c57432dc"/>
			<Entry name="Client/WindowsNoEditor/HT/Content/Movies/FFMpeg/Skill/SagiriUltraSkill.usm" start="265759040" offset="265759191" size="10038560" md5="d00a354f14f2754f815450652903dd33"/>
			<Entry name="Client/WindowsNoEditor/HT/Content/Movies/FFMpeg/Skill/AdlerUltraSkill.mp4" start="450087882" offset="450088032" size="13531845" md5="527b95adc61f9175ff7424db355e4d3e"/>
			<Entry name="Client/WindowsNoEditor/HT/Content/Movies/UI_HD/UI_HD_video03.mp4" start="69970211" offset="69970352" size="1473039" md5="738e4d0d94ea2bd1a5a094f006074436"/>
			<Entry name="Client/WindowsNoEditor/HT/Content/Movies/UI_HD/UI_HD_video02.mp4" start="479408121" offset="479408262" size="17259157" md5="5861170f9e3a4ff3a54bf9aad49fe6ac"/>
			<Entry name="Client/WindowsNoEditor/HT/Content/Movies/UI_HD/UI_HD_video01.mp4" start="514173098" offset="514173239" size="18727890" md5="e5abb774f8e4a02e92f87a43d774909a"/>
			<Entry name="Client/WindowsNoEditor/HT/Content/Movies/UI_HD/UI_HD_video06.mp4" start="52819456" offset="52819597" size="976833" md5="143c2a22b8f2ed0b375a750930da1aba"/>
			<Entry name="Client/WindowsNoEditor/HT/Content/Movies/DialogueSequence/FilmOrbit_sagiri_q110073.mp4" start="350753643" offset="350753806" size="11844315" md5="1f0044167d663b903c7a0720d50b9fb0"/>
			<Entry name="Client/WindowsNoEditor/HT/Content/Movies/FFMpeg/Story/q110137.srt" start="53639" offset="53781" size="189" md5="59d6a26bd02a356e8f036055ad35c30e"/>
			<Entry name="Client/WindowsNoEditor/Engine/Content/Slate/Cursor/invisible.cur" start="53970" offset="54111" size="326" md5="2eada1ffcee14930f2c53a4d31b95c91"/>
			<Entry name="Client/WindowsNoEditor/Engine/Content/SlateDebug/Fonts/LastResort.tps" start="56935" offset="57081" size="916" md5="f3fa22ad0b723e24a7f8e731a5a4a0e1"/>
			<Entry name="Client/WindowsNoEditor/HT/Content/Movies/FFMpeg/Story/HM_TJD01_002_b_1106.srt" start="60373" offset="60527" size="1113" md5="26215527430f497eea385b43529748ab"/>
			<Entry name="Client/WindowsNoEditor/HT/Binaries/Win64/boost_system-mt-x64.dll" start="64659" offset="64800" size="9728" md5="260d0234ab782edb00137be04c2be705"/>
			<Entry name="Client/WindowsNoEditor/HT/Binaries/Win64/boost_atomic-mt-x64.dll" start="74528" offset="74669" size="17408" md5="799877fdabb7da8842bfcf732a2e6352"/>
			<Entry name="Client/WindowsNoEditor/HT/Content/Paks/pakchunk2-Windows.sig" start="92077" offset="92214" size="21232" md5="18d4b6ff333f678abdf58a6f623d0254" check="1"/>
			<Entry name="Client/WindowsNoEditor/HT/Binaries/Win64/api-ms-win-core-string-l1-1-0.dll" start="113446" offset="113597" size="22112" md5="575eba56aa4c2e409d643f719cd1dbba"/>
			<Entry name="Client/WindowsNoEditor/Engine/Binaries/Win64/api-ms-win-core-string-l1-1-0.dll" start="135709" offset="135864" size="22112" md5="575eba56aa4c2e409d643f719cd1dbba"/>
			<Entry name="Client/WindowsNoEditor/HT/Binaries/Win64/api-ms-win-crt-time-l1-1-0.dll" start="157976" offset="158124" size="22120" md5="76455596ccdd9b075d140fd82ae05790"/>
			<Entry name="Client/WindowsNoEditor/HT/Binaries/Win64/api-ms-win-crt-filesystem-l1-1-0.dll" start="180244" offset="180398" size="22120" md5="b83a1737d839d6106bb92d7d4b3dbed4"/>
			<Entry name="Client/WindowsNoEditor/HT/Binaries/Win64/api-ms-win-crt-environment-l1-1-0.dll" start="202518" offset="202673" size="22120" md5="859c13dfb783115ed36eb95037b7241e"/>
			<Entry name="Client/WindowsNoEditor/HT/Binaries/Win64/api-ms-win-crt-conio-l1-1-0.dll" start="224793" offset="224942" size="22120" md5="ab1a23bf00ace7433c859205d518fa5c"/>
			<Entry name="Client/WindowsNoEditor/HT/Binaries/Win64/api-ms-win-core-timezone-l1-1-0.dll" start="247062" offset="247215" size="22120" md5="ef40498ce0b6cf020d9ea8ed88992584"/>
			<Entry name="Client/WindowsNoEditor/HT/Binaries/Win64/api-ms-win-core-sysinfo-l1-1-0.dll" start="269335" offset="269487" size="22120" md5="dace0193b6820ed7812f7346b9382c05"/>
			<Entry name="Client/WindowsNoEditor/HT/Binaries/Win64/api-ms-win-core-profile-l1-1-0.dll" start="291607" offset="291759" size="22120" md5="4649d1ad31dd375bfaea35c9423f1d96"/>
			<Entry name="Client/WindowsNoEditor/HT/Binaries/Win64/api-ms-win-core-processthreads-l1-1-1.dll" start="313879" offset="314038" size="22120" md5="6362e38d6c8138711da8f3be9bcc72cd"/>
			<Entry name="Client/WindowsNoEditor/HT/Binaries/Win64/api-ms-win-core-processthreads-l1-1-0.dll" start="336158" offset="336317" size="22120" md5="953139610362f102b41b125ea7208070"/>
			<Entry name="Client/WindowsNoEditor/HT/Binaries/Win64/api-ms-win-core-interlocked-l1-1-0.dll" start="358437" offset="358593" size="22120" md5="26dd73913f6487700025e760df6402ee"/>
			<Entry name="Client/WindowsNoEditor/HT/Binaries/Win64/api-ms-win-core-file-l2-1-0.dll" start="380713" offset="380862" size="22120" md5="855bea02e0a624407c36b109b841db59"/>
			<Entry name="Client/WindowsNoEditor/HT/Binaries/Win64/api-ms-win-core-file-l1-2-0.dll" start="402982" offset="403131" size="22120" md5="75c8a3c1dfe2096f1a2c6ba51de7196f"/>
			<Entry name="Client/WindowsNoEditor/HT/Binaries/Win64/api-ms-win-core-datetime-l1-1-0.dll" start="425251" offset="425404" size="22120" md5="1754ecb52a0c9fb6f11c43476975be9e"/>
			<Entry name="Client/WindowsNoEditor/Engine/Binaries/Win64/api-ms-win-crt-time-l1-1-0.dll" start="447524" offset="447676" size="22120" md5="76455596ccdd9b075d140fd82ae05790"/>
			<Entry name="Client/WindowsNoEditor/Engine/Binaries/Win64/api-ms-win-crt-filesystem-l1-1-0.dll" start="469796" offset="469954" size="22120" md5="b83a1737d839d6106bb92d7d4b3dbed4"/>
			<Entry name="Client/WindowsNoEditor/Engine/Binaries/Win64/api-ms-win-crt-environment-l1-1-0.dll" start="492074" offset="492233" size="22120" md5="859c13dfb783115ed36eb95037b7241e"/>
			<Entry name="Client/WindowsNoEditor/Engine/Binaries/Win64/api-ms-win-crt-conio-l1-1-0.dll" start="514353" offset="514506" size="22120" md5="ab1a23bf00ace7433c859205d518fa5c"/>
			<Entry name="Client/WindowsNoEditor/Engine/Binaries/Win64/api-ms-win-core-timezone-l1-1-0.dll" start="536626" offset="536783" size="22120" md5="ef40498ce0b6cf020d9ea8ed88992584"/>
			<Entry name="Client/WindowsNoEditor/Engine/Binaries/Win64/api-ms-win-core-sysinfo-l1-1-0.dll" start="558903" offset="559059" size="22120" md5="dace0193b6820ed7812f7346b9382c05"/>
			<Entry name="Client/WindowsNoEditor/Engine/Binaries/Win64/api-ms-win-core-profile-l1-1-0.dll" start="581179" offset="581335" size="22120" md5="4649d1ad31dd375bfaea35c9423f1d96"/>
			<Entry name="Client/WindowsNoEditor/Engine/Binaries/Win64/api-ms-win-core-processthreads-l1-1-1.dll" start="603455" offset="603618" size="22120" md5="6362e38d6c8138711da8f3be9bcc72cd"/>
			<Entry name="Client/WindowsNoEditor/Engine/Binaries/Win64/api-ms-win-core-processthreads-l1-1-0.dll" start="625738" offset="625901" size="22120" md5="953139610362f102b41b125ea7208070"/>
			<Entry name="Client/WindowsNoEditor/Engine/Binaries/Win64/api-ms-win-core-interlocked-l1-1-0.dll" start="648021" offset="648181" size="22120" md5="26dd73913f6487700025e760df6402ee"/>
			<Entry name="Client/WindowsNoEditor/Engine/Binaries/Win64/api-ms-win-core-file-l2-1-0.dll" start="670301" offset="670454" size="22120" md5="855bea02e0a624407c36b109b841db59"/>
			<Entry name="Client/WindowsNoEditor/Engine/Binaries/Win64/api-ms-win-core-file-l1-2-0.dll" start="692574" offset="692727" size="22120" md5="75c8a3c1dfe2096f1a2c6ba51de7196f"/>
			<Entry name="Client/WindowsNoEditor/Engine/Binaries/Win64/api-ms-win-core-datetime-l1-1-0.dll" start="714847" offset="715004" size="22120" md5="1754ecb52a0c9fb6f11c43476975be9e"/>
			<Entry name="Client/WindowsNoEditor/HT/Binaries/Win64/api-ms-win-crt-utility-l1-1-0.dll" start="737124" offset="737275" size="22136" md5="c4101780e1a10227eadd8669c42601fa"/>
			<Entry name="Client/WindowsNoEditor/HT/Binaries/Win64/api-ms-win-crt-process-l1-1-0.dll" start="759411" offset="759562" size="22136" md5="4c64207eac5b781b2f28d3c98d86ddfb"/>
			<Entry name="Client/WindowsNoEditor/HT/Binaries/Win64/api-ms-win-crt-locale-l1-1-0.dll" start="781698" offset="781848" size="22136" md5="2ca6aecd962341ef2565ddc8fd5bc127"/>
			<Entry name="Client/WindowsNoEditor/HT/Binaries/Win64/api-ms-win-crt-heap-l1-1-0.dll" start="803984" offset="804132" size="22136" md5="d50203f25306427ccc9935ec45431b95"/>
			<Entry name="Client/WindowsNoEditor/HT/Binaries/Win64/api-ms-win-core-util-l1-1-0.dll" start="826268" offset="826417" size="22136" md5="ed447c74d9047cbfcc66878b063d31be"/>
			<Entry name="Client/WindowsNoEditor/HT/Binaries/Win64/api-ms-win-core-synch-l1-2-0.dll" start="848553" offset="848703" size="22136" md5="35f6657e323c4e5ac56e7697ea3cc54b"/>
			<Entry name="Client/WindowsNoEditor/HT/Binaries/Win64/api-ms-win-core-synch-l1-1-0.dll" start="870839" offset="870989" size="22136" md5="d6dad6b6adb40eafdb89da01acf6742b"/>
			<Entry name="Client/WindowsNoEditor/HT/Binaries/Win64/api-ms-win-core-rtlsupport-l1-1-0.dll" start="893125" offset="893280" size="22136" md5="251d9a3f3ec2e5a8997ce8d7450e443f"/>
			<Entry name="Client/WindowsNoEditor/HT/Binaries/Win64/api-ms-win-core-processenvironment-l1-1-0.dll" start="915416" offset="915579" size="22136" md5="162689d6edafcb3eb00fb50d01ee5287"/>
			<Entry name="Client/WindowsNoEditor/HT/Binaries/Win64/api-ms-win-core-namedpipe-l1-1-0.dll" start="937715" offset="937869" size="22136" md5="e6afcee6449426ec7aade8946d995f00"/>
			<Entry name="Client/WindowsNoEditor/HT/Binaries/Win64/api-ms-win-core-memory-l1-1-0.dll" start="960005" offset="960156" size="22136" md5="e80ab3c9dfd2574944f7e823b99d9ca3"/>
			<Entry name="Client/WindowsNoEditor/HT/Binaries/Win64/api-ms-win-core-localization-l1-2-0.dll" start="982292" offset="982449" size="22136" md5="7f629d273ac801725d19df76990a68df"/>
			<Entry name="Client/WindowsNoEditor/HT/Binaries/Win64/api-ms-win-core-libraryloader-l1-1-0.dll" start="1004585" offset="1004743" size="22136" md5="9bfa838217a723d82f2139bd9fa92169"/>
			<Entry name="Client/WindowsNoEditor/HT/Binaries/Win64/api-ms-win-core-heap-l1-1-0.dll" start="1026879" offset="1027028" size="22136" md5="c5de5376fe71ca643e633505209da913"/>
			<Entry name="Client/WindowsNoEditor/HT/Binaries/Win64/api-ms-win-core-handle-l1-1-0.dll" start="1049164" offset="1049315" size="22136" md5="5f0f6443699fb844cd2a6684ce279b6d"/>
			<Entry name="Client/WindowsNoEditor/HT/Binaries/Win64/api-ms-win-core-fibers-l1-1-0.dll" start="1071451" offset="1071602" size="22136" md5="b4c1a9ef2cf923a81969faf2f74e5c18"/>
			<Entry name="Client/WindowsNoEditor/HT/Binaries/Win64/api-ms-win-core-errorhandling-l1-1-0.dll" start="1093738" offset="1093896" size="22136" md5="a575281e93dcdc2f95857b7e2b365361"/>
			<Entry name="Client/WindowsNoEditor/HT/Binaries/Win64/api-ms-win-core-debug-l1-1-0.dll" start="1116032" offset="1116182" size="22136" md5="31b55653d51de75f30be2eea85aead0f"/>
			<Entry name="Client/WindowsNoEditor/HT/Binaries/Win64/api-ms-win-core-console-l1-2-0.dll" start="1138318" offset="1138470" size="22136" md5="ea89c2fa795992b7cabc1cf64e2d1e1b"/>
			<Entry name="Client/WindowsNoEditor/HT/Binaries/Win64/api-ms-win-core-console-l1-1-0.dll" start="1160606" offset="1160758" size="22136" md5="8805de8aead10a48193b54f882a7763a"/>
			<Entry name="Client/WindowsNoEditor/Engine/Binaries/Win64/api-ms-win-crt-utility-l1-1-0.dll" start="1182894" offset="1183049" size="22136" md5="c4101780e1a10227eadd8669c42601fa"/>
			<Entry name="Client/WindowsNoEditor/Engine/Binaries/Win64/api-ms-win-crt-process-l1-1-0.dll" start="1205185" offset="1205340" size="22136" md5="4c64207eac5b781b2f28d3c98d86ddfb"/>
			<Entry name="Client/WindowsNoEditor/Engine/Binaries/Win64/api-ms-win-crt-locale-l1-1-0.dll" start="1227476" offset="1227630" size="22136" md5="2ca6aecd962341ef2565ddc8fd5bc127"/>
			<Entry name="Client/WindowsNoEditor/Engine/Binaries/Win64/api-ms-win-crt-heap-l1-1-0.dll" start="1249766" offset="1249918" size="22136" md5="d50203f25306427ccc9935ec45431b95"/>
			<Entry name="Client/WindowsNoEditor/Engine/Binaries/Win64/api-ms-win-core-util-l1-1-0.dll" start="1272054" offset="1272207" size="22136" md5="ed447c74d9047cbfcc66878b063d31be"/>
			<Entry name="Client/WindowsNoEditor/Engine/Binaries/Win64/api-ms-win-core-synch-l1-2-0.dll" start="1294343" offset="1294497" size="22136" md5="35f6657e323c4e5ac56e7697ea3cc54b"/>
			<Entry name="Client/WindowsNoEditor/Engine/Binaries/Win64/api-ms-win-core-synch-l1-1-0.dll" start="1316633" offset="1316787" size="22136" md5="d6dad6b6adb40eafdb89da01acf6742b"/>
			<Entry name="Client/WindowsNoEditor/Engine/Binaries/Win64/api-ms-win-core-rtlsupport-l1-1-0.dll" start="1338923" offset="1339082" size="22136" md5="251d9a3f3ec2e5a8997ce8d7450e443f"/>
			<Entry name="Client/WindowsNoEditor/Engine/Binaries/Win64/api-ms-win-core-processenvironment-l1-1-0.dll" start="1361218" offset="1361385" size="22136" md5="162689d6edafcb3eb00fb50d01ee5287"/>
			<Entry name="Client/WindowsNoEditor/Engine/Binaries/Win64/api-ms-win-core-namedpipe-l1-1-0.dll" start="1383521" offset="1383679" size="22136" md5="e6afcee6449426ec7aade8946d995f00"/>
			<Entry name="Client/WindowsNoEditor/Engine/Binaries/Win64/api-ms-win-core-memory-l1-1-0.dll" start="1405815" offset="1405970" size="22136" md5="e80ab3c9dfd2574944f7e823b99d9ca3"/>
			<Entry name="Client/WindowsNoEditor/Engine/Binaries/Win64/api-ms-win-core-localization-l1-2-0.dll" start="1428106" offset="1428267" size="22136" md5="7f629d273ac801725d19df76990a68df"/>
			<Entry name="Client/WindowsNoEditor/Engine/Binaries/Win64/api-ms-win-core-libraryloader-l1-1-0.dll" start="1450403" offset="1450565" size="22136" md5="9bfa838217a723d82f2139bd9fa92169"/>
			<Entry name="Client/WindowsNoEditor/Engine/Binaries/Win64/api-ms-win-core-heap-l1-1-0.dll" start="1472701" offset="1472854" size="22136" md5="c5de5376fe71ca643e633505209da913"/>
			<Entry name="Client/WindowsNoEditor/Engine/Binaries/Win64/api-ms-win-core-handle-l1-1-0.dll" start="1494990" offset="1495145" size="22136" md5="5f0f6443699fb844cd2a6684ce279b6d"/>
			<Entry name="Client/WindowsNoEditor/Engine/Binaries/Win64/api-ms-win-core-fibers-l1-1-0.dll" start="1517281" offset="1517436" size="22136" md5="b4c1a9ef2cf923a81969faf2f74e5c18"/>
			<Entry name="Client/WindowsNoEditor/Engine/Binaries/Win64/api-ms-win-core-errorhandling-l1-1-0.dll" start="1539572" offset="1539734" size="22136" md5="a575281e93dcdc2f95857b7e2b365361"/>
			<Entry name="Client/WindowsNoEditor/Engine/Binaries/Win64/api-ms-win-core-debug-l1-1-0.dll" start="1561870" offset="1562024" size="22136" md5="31b55653d51de75f30be2eea85aead0f"/>
			<Entry name="Client/WindowsNoEditor/Engine/Binaries/Win64/api-ms-win-core-console-l1-2-0.dll" start="1584160" offset="1584316" size="22136" md5="ea89c2fa795992b7cabc1cf64e2d1e1b"/>
			<Entry name="Client/WindowsNoEditor/Engine/Binaries/Win64/api-ms-win-core-console-l1-1-0.dll" start="1606452" offset="1606608" size="22136" md5="8805de8aead10a48193b54f882a7763a"/>
			<Entry name="Client/WindowsNoEditor/HT/Binaries/Win64/X3DAudio1_7.dll" start="1628744" offset="1628877" size="24920" md5="b4ff2a39685c1a6d43f0e56eb350af3a"/>
			<Entry name="Client/WindowsNoEditor/Engine/Binaries/Win64/X3DAudio1_7.dll" start="1653797" offset="1653934" size="24920" md5="b4ff2a39685c1a6d43f0e56eb350af3a"/>
			<Entry name="Client/WindowsNoEditor/HT/Content/Paks/pakchunk4-Windows.sig" start="1678854" offset="1678991" size="25428" md5="cadf918df8e221c9168b3ac24dfbe4fa"/>
			<Entry name="Client/WindowsNoEditor/HT/Binaries/Win64/api-ms-win-crt-string-l1-1-0.dll" start="1704419" offset="1704569" size="26216" md5="98b05e06c6ab62d854307a18e38626c0"/>
			<Entry name="Client/WindowsNoEditor/HT/Binaries/Win64/api-ms-win-crt-stdio-l1-1-0.dll" start="1730785" offset="1730934" size="26216" md5="c9103f6861fa14345cfb763189292cb4"/>
			<Entry name="Client/WindowsNoEditor/HT/Binaries/Win64/api-ms-win-crt-runtime-l1-1-0.dll" start="1757150" offset="1757301" size="26216" md5="bb6023337b1f327d65bd07c13ced515e"/>
			<Entry name="Client/WindowsNoEditor/HT/Binaries/Win64/api-ms-win-crt-convert-l1-1-0.dll" start="1783517" offset="1783668" size="26216" md5="48ba542c275d6ace740b4aa548157473"/>
			<Entry name="Client/WindowsNoEditor/Engine/Binaries/Win64/api-ms-win-crt-string-l1-1-0.dll" start="1809884" offset="1810038" size="26216" md5="98b05e06c6ab62d854307a18e38626c0"/>
			<Entry name="Client/WindowsNoEditor/Engine/Binaries/Win64/api-ms-win-crt-stdio-l1-1-0.dll" start="1836254" offset="1836407" size="26216" md5="c9103f6861fa14345cfb763189292cb4"/>
			<Entry name="Client/WindowsNoEditor/Engine/Binaries/Win64/api-ms-win-crt-runtime-l1-1-0.dll" start="1862623" offset="1862778" size="26216" md5="bb6023337b1f327d65bd07c13ced515e"/>
			<Entry name="Client/WindowsNoEditor/Engine/Binaries/Win64/api-ms-win-crt-convert-l1-1-0.dll" start="1888994" offset="1889149" size="26216" md5="48ba542c275d6ace740b4aa548157473"/>
			<Entry name="Client/WindowsNoEditor/HT/Binaries/Win64/api-ms-win-core-file-l1-1-0.dll" start="1915365" offset="1915514" size="26232" md5="8142799f92638d67267278d2fcab85e0"/>
			<Entry name="Client/WindowsNoEditor/Engine/Binaries/Win64/api-ms-win-core-file-l1-1-0.dll" start="1941746" offset="1941899" size="26232" md5="8142799f92638d67267278d2fcab85e0"/>
			<Entry name="Client/WindowsNoEditor/HT/Binaries/Win64/api-ms-win-crt-multibyte-l1-1-0.dll" start="1968131" offset="1968284" size="30328" md5="a6c2eecc89b696cb2e7aa52c08f3fecb"/>
			<Entry name="Client/WindowsNoEditor/HT/Binaries/Win64/api-ms-win-crt-math-l1-1-0.dll" start="1998612" offset="1998760" size="30328" md5="4c344ba3ea55d42a089abee91273bae3"/>
			<Entry name="Client/WindowsNoEditor/Engine/Binaries/Win64/api-ms-win-crt-multibyte-l1-1-0.dll" start="2029088" offset="2029245" size="30328" md5="a6c2eecc89b696cb2e7aa52c08f3fecb"/>
			<Entry name="Client/WindowsNoEditor/Engine/Binaries/Win64/api-ms-win-crt-math-l1-1-0.dll" start="2059573" offset="2059725" size="30328" md5="4c344ba3ea55d42a089abee91273bae3"/>
			<Entry name="Client/WindowsNoEditor/HT/Binaries/Win64/msvcp140_codecvt_ids.dll" start="2090053" offset="2090195" size="31856" md5="165308ee66d0b8f11ca20f3bcd410ea9"/>
			<Entry name="Client/WindowsNoEditor/Engine/Binaries/Win64/msvcp140_codecvt_ids.dll" start="2122051" offset="2122197" size="31856" md5="165308ee66d0b8f11ca20f3bcd410ea9"/>
			<Entry name="Client/WindowsNoEditor/HT/Binaries/Win64/boost_chrono-mt-x64.dll" start="2154053" offset="2154194" size="35328" md5="caa8b28148b7e2fcf6073c0244d9809c"/>
			<Entry name="Client/WindowsNoEditor/HT/Binaries/Win64/msvcp140_1.dll" start="2189522" offset="2189654" size="35920" md5="7b0a25eee764d8747f02cb3ed980f07a"/>
			<Entry name="Client/WindowsNoEditor/Engine/Binaries/Win64/msvcp140_1.dll" start="2225574" offset="2225710" size="35920" md5="7b0a25eee764d8747f02cb3ed980f07a"/>
			<Entry name="Client/WindowsNoEditor/Engine/Binaries/ThirdParty/Vorbis/Win64/VS2015/libvorbisfile_64.dll" start="2261630" offset="2261797" size="37888" md5="f453241dec90dbfa5b7322cc4a67a143"/>
			<Entry name="Client/WindowsNoEditor/HT/Binaries/Win64/vcruntime140_threads.dll" start="2299685" offset="2299827" size="38512" md5="5f533a0a43600153ecde78abaa7d614e"/>
			<Entry name="Client/WindowsNoEditor/Engine/Binaries/Win64/vcruntime140_threads.dll" start="2338339" offset="2338485" size="38512" md5="5f533a0a43600153ecde78abaa7d614e"/>
			<Entry name="Client/WindowsNoEditor/HT/Content/Paks/pakchunk3-Windows.sig" start="2376997" offset="2377134" size="40296" md5="3aacda964e76ae57121b6e81957f898e"/>
			<Entry name="Client/WindowsNoEditor/Engine/Binaries/ThirdParty/CEF3/Win64/snapshot_blob.bin" start="2417430" offset="2417585" size="48390" md5="86022b054628e3f079c0c8db40d0fe2f"/>
			<Entry name="Client/WindowsNoEditor/HT/Binaries/Win64/boost_iostreams-mt-x64.dll" start="2465975" offset="2466119" size="48640" md5="5f72f845162f07dd3476037e39ac31e6"/>
			<Entry name="Client/WindowsNoEditor/Engine/Binaries/ThirdParty/Ogg/Win64/VS2015/libogg_64.dll" start="2514759" offset="2514916" size="49152" md5="cd1f16736ccc5dd8c8ce8525957f4cfb"/>
			<Entry name="Client/WindowsNoEditor/HT/Binaries/Win64/vcruntime140_1.dll" start="2564068" offset="2564204" size="49744" md5="eb49c1d33b41eb49dfed58aafa9b9a8f"/>
			<Entry name="Client/WindowsNoEditor/Engine/Binaries/Win64/vcruntime140_1.dll" start="2613948" offset="2614088" size="49744" md5="eb49c1d33b41eb49dfed58aafa9b9a8f"/>
			<Entry name="Client/WindowsNoEditor/HT/Binaries/Win64/appstate.dll" start="2663832" offset="2663962" size="50176" md5="9e45fa6382a17ad17457f0bcfa3e8d87"/>
			<Entry name="Client/WindowsNoEditor/HT/Binaries/Win64/msvcp140_atomic_wait.dll" start="2714138" offset="2714280" size="50280" md5="6722344b74084d0af629283060716bae"/>
			<Entry name="Client/WindowsNoEditor/Engine/Binaries/Win64/msvcp140_atomic_wait.dll" start="2764560" offset="2764706" size="50280" md5="6722344b74084d0af629283060716bae"/>
			<Entry name="Client/WindowsNoEditor/HT/Binaries/Win64/webbrowser.dll" start="2814986" offset="2815118" size="51200" md5="9d2a941494d1b0eaedbc177318063cda"/>
			<Entry name="Client/WindowsNoEditor/HT/Binaries/Win64/pspay.dll" start="2866318" offset="2866445" size="51712" md5="2e2fbb995516fd4af3977bc9620f842e"/>
			<Entry name="Client/WindowsNoEditor/HT/Binaries/Win64/tbbmalloc.dll" start="2918157" offset="2918288" size="55296" md5="26a797b5812c7e06883fa5ee4de921aa"/>
			<Entry name="Client/WindowsNoEditor/Engine/Binaries/Win64/tbbmalloc.dll" start="2973584" offset="2973719" size="55296" md5="26a797b5812c7e06883fa5ee4de921aa"/>
			<Entry name="Client/WindowsNoEditor/HT/Binaries/Win64/pfa.dll" start="3029015" offset="3029140" size="60928" md5="4d16286d974944c3294310db6d37b752"/>
			<Entry name="Client/WindowsNoEditor/HT/Binaries/Win64/webapi.dll" start="3090068" offset="3090196" size="69632" md5="2b4d1fd4610a11130532f6f8bf83feed"/>
			<Entry name="Client/WindowsNoEditor/HT/Binaries/Win64/boost_thread-mt-x64.dll" start="3233802" offset="3233943" size="74240" md5="e54b8fca16dfd8352068df4757d4c354"/>
			<Entry name="Client/WindowsNoEditor/HT/Binaries/Win64/api-ms-win-crt-private-l1-1-0.dll" start="3308183" offset="3308334" size="75368" md5="d93d91324a28653d8580420f347190bb"/>
			<Entry name="Client/WindowsNoEditor/Engine/Binaries/Win64/api-ms-win-crt-private-l1-1-0.dll" start="3383702" offset="3383857" size="75368" md5="d93d91324a28653d8580420f347190bb"/>
			<Entry name="Client/WindowsNoEditor/HT/Binaries/Win64/XAPOFX1_5.dll" start="3459225" offset="3459356" size="77656" md5="e9739ae8b2fa28dcd6f2ef5525da8827"/>
			<Entry name="Client/WindowsNoEditor/Engine/Binaries/Win64/XAPOFX1_5.dll" start="3537012" offset="3537147" size="77656" md5="e9739ae8b2fa28dcd6f2ef5525da8827"/>
			<Entry name="Client/WindowsNoEditor/HT/Binaries/Win64/xinput1_3.dll" start="3614803" offset="3614934" size="107368" md5="bfb3091b167550ec6e6454813d3db244"/>
			<Entry name="Client/WindowsNoEditor/Engine/Binaries/Win64/xinput1_3.dll" start="3722302" offset="3722437" size="107368" md5="bfb3091b167550ec6e6454813d3db244"/>
			<Entry name="Client/WindowsNoEditor/HT/Binaries/Win64/vcruntime140.dll" start="3829805" offset="3829939" size="119376" md5="e9b690fbe5c4b96871214379659dd928"/>
			<Entry name="Client/WindowsNoEditor/Engine/Binaries/Win64/vcruntime140.dll" start="3949315" offset="3949453" size="119376" md5="e9b690fbe5c4b96871214379659dd928"/>
			<Entry name="Client/WindowsNoEditor/HT/Plugins/Wwise/ThirdParty/x64_vc170/Release/bin/AkSilenceGenerator.dll" start="4068829" offset="4069001" size="123712" md5="5c1e6d010ab1ddb418799addb901751c"/>
			<Entry name="Client/WindowsNoEditor/HT/Plugins/Wwise/ThirdParty/x64_vc170/Release/bin/Ak3DAudioBedMixer.dll" start="4192713" offset="4192884" size="127296" md5="9a6e0c74f2ae22eaa24c651a739212a7"/>
			<Entry name="Client/WindowsNoEditor/HT/Binaries/Win64/apithrottle.dll" start="4320180" offset="4320313" size="128512" md5="3a281c75f647ec45d0c7f6951a376ed4"/>
			<Entry name="Client/WindowsNoEditor/HT/Plugins/Wwise/ThirdParty/x64_vc170/Release/bin/AkGain.dll" start="4448825" offset="4448985" size="131904" md5="d4f7a21c6250d1460cbf80de09bff882"/>
			<Entry name="Client/WindowsNoEditor/HT/Plugins/Wwise/ThirdParty/x64_vc170/Release/bin/AkSineTone.dll" start="4580889" offset="4581053" size="132416" md5="edfb9ffe327e94499dd306779e9384a2"/>
			<Entry name="Client/WindowsNoEditor/HT/Plugins/Wwise/ThirdParty/x64_vc170/Release/bin/AkRecorder.dll" start="4713469" offset="4713633" size="132416" md5="23d8bc5e0423632b71d4522dca6f0537"/>
			<Entry name="Client/WindowsNoEditor/HT/Plugins/Wwise/ThirdParty/x64_vc170/Release/bin/AkAudioInput.dll" start="4846049" offset="4846215" size="132416" md5="61eae810de93bce96110aba62694dbd3"/>
			<Entry name="Client/WindowsNoEditor/HT/Plugins/Wwise/ThirdParty/x64_vc170/Release/bin/AkDelay.dll" start="4978631" offset="4978792" size="137024" md5="6ede378e081bb313c810f9d7a1989d67"/>
			<Entry name="Client/WindowsNoEditor/HT/Binaries/Win64/WPGlobalSDK_64.dll" start="5115816" offset="5115952" size="138272" md5="74c1d01bbcb530fa7d881e3be44c03fe"/>
			<Entry name="Client/WindowsNoEditor/HT/Binaries/Win64/WPOneSDK_64.dll" start="5254224" offset="5254357" size="139296" md5="329b7c844a835117f50620b3ecaf5687"/>
			<Entry name="Client/WindowsNoEditor/HT/Plugins/Wwise/ThirdParty/x64_vc170/Release/bin/AkPeakLimiter.dll" start="5393653" offset="5393820" size="140096" md5="8a4a1c97d3c1369c82be139f363ce699"/>
			<Entry name="Client/WindowsNoEditor/HT/Binaries/Win64/boost_filesystem-mt-x64.dll" start="5533916" offset="5534061" size="140288" md5="909cb0dd75f2e7f9296e79662753526c"/>
			<Entry name="Client/WindowsNoEditor/HT/Binaries/Win64/WPActivitySDK_64.dll" start="5674349" offset="5674487" size="142336" md5="2ebfd6d6dfa6ac5f4cc4202a5890332e"/>
			<Entry name="Client/WindowsNoEditor/HT/Plugins/Wwise/ThirdParty/x64_vc170/Release/bin/AkExpander.dll" start="5816823" offset="5816987" size="148800" md5="b623dd7dede961effc4a8532e08c1ac5"/>
			<Entry name="Client/WindowsNoEditor/HT/Plugins/Wwise/ThirdParty/x64_vc170/Release/bin/AkCompressor.dll" start="5965787" offset="5965953" size="148800" md5="42fd6c07b78ae8bf27f44feb7af8591d"/>
			<Entry name="Client/WindowsNoEditor/HT/Plugins/Wwise/ThirdParty/x64_vc170/Release/bin/AkToneGen.dll" start="6114753" offset="6114916" size="152384" md5="55ebeea77e475e292d3ef7d82a85e103"/>
			<Entry name="Client/WindowsNoEditor/HT/Plugins/Wwise/ThirdParty/x64_vc170/Release/bin/AkTremolo.dll" start="6267300" offset="6267463" size="156480" md5="c3570213a7fbf9d7554d2294db776c91"/>
			<Entry name="Client/WindowsNoEditor/HT/Plugins/Wwise/ThirdParty/x64_vc170/Release/bin/AkFlanger.dll" start="6423943" offset="6424106" size="158528" md5="2ba53ae71b98f03daf612bbad9f83b8a"/>
			<Entry name="Client/WindowsNoEditor/HT/Plugins/Wwise/ThirdParty/x64_vc170/Release/bin/AkParametricEQ.dll" start="6582634" offset="6582802" size="160576" md5="52428d8d72f51dfff4551e3417ae1eee"/>
			<Entry name="Client/WindowsNoEditor/Engine/Binaries/ThirdParty/CEF3/Win64/v8_context_snapshot.bin" start="6743378" offset="6743539" size="165509" md5="dbca662006c4a767c50614ff65c49ef0"/>
			<Entry name="Client/WindowsNoEditor/HT/Plugins/Wwise/ThirdParty/x64_vc170/Release/bin/AkPitchShifter.dll" start="6909048" offset="6909216" size="166720" md5="8975737560ae45a03e069c6db820eb2f"/>
			<Entry name="Client/WindowsNoEditor/Engine/Plugins/Runtime/Nvidia/Streamline/Binaries/ThirdParty/Win64/sl.pcl.dll" start="7075936" offset="7076113" size="167896" md5="f903e6d6d1858103d4a4b535a56e0f44"/>
			<Entry name="Client/WindowsNoEditor/HT/Plugins/Wwise/ThirdParty/x64_vc170/Release/bin/AkGuitarDistortion.dll" start="7244009" offset="7244181" size="171840" md5="1199d42e22807097c563c0bf955d8da2"/>
			<Entry name="Client/WindowsNoEditor/HT/Plugins/Wwise/ThirdParty/x64_vc170/Release/bin/AkStereoDelay.dll" start="7416021" offset="7416188" size="173376" md5="82b4d6923b567e79d93088eb58c02135"/>
			<Entry name="Client/WindowsNoEditor/Engine/Plugins/Runtime/Nvidia/Streamline/Binaries/ThirdParty/Win64/sl.reflex.dll" start="7589564" offset="7589744" size="177120" md5="4f09972810fd031efc1a37c1a2ac18df"/>
			<Entry name="Client/WindowsNoEditor/HT/Plugins/Wwise/ThirdParty/x64_vc170/Release/bin/AkSynthOne.dll" start="7766864" offset="7767028" size="177472" md5="0d631c1567540af1957dc9d984e622c5"/>
			<Entry name="Client/WindowsNoEditor/Engine/Plugins/Runtime/Nvidia/Streamline/Binaries/ThirdParty/Win64/sl.deepdvc.dll" start="7944500" offset="7944681" size="186848" md5="c73d564404dd35a8656f73628615d665"/>
			<Entry name="Client/WindowsNoEditor/HT/Binaries/Win64/boost_python311-mt-x64.dll" start="8131529" offset="8131673" size="192512" md5="f65d289f66265f36778d8c64fb5b1b70"/>
			<Entry name="Client/WindowsNoEditor/HT/Content/Paks/pakchunk0-Windows.sig" start="8324185" offset="8324322" size="196068" md5="ebce3170c6255cdbc92baedbd78a8645"/>
			<Entry name="Client/WindowsNoEditor/HT/Plugins/Wwise/ThirdParty/x64_vc170/Release/bin/AkMatrixReverb.dll" start="8520390" offset="8520558" size="198464" md5="bd028ccc1a2d8bd15da4d9dfb2967fea"/>
			<Entry name="Client/WindowsNoEditor/HT/Binaries/Win64/wmz.dll" start="8719022" offset="8719147" size="202240" md5="61299c3dbe01546115a32eda4f033dfc"/>
			<Entry name="Client/WindowsNoEditor/HT/Plugins/Wwise/ThirdParty/x64_vc170/Release/bin/AkReflect.dll" start="8921387" offset="8921550" size="203072" md5="7c744a586f8c3fed2a4b045ae7228585"/>
			<Entry name="Client/WindowsNoEditor/HT/Plugins/Wwise/ThirdParty/x64_vc170/Release/bin/AkSoundSeedAir.dll" start="9124622" offset="9124790" size="204608" md5="4c0504b816c2cf9a01cd949c9cf11b18"/>
			<Entry name="Client/WindowsNoEditor/HT/Binaries/Win64/tbb.dll" start="9329398" offset="9329523" size="213504" md5="b3ba3b550f4ad8a23126cf040d396bf6"/>
			<Entry name="Client/WindowsNoEditor/Engine/Binaries/Win64/tbb.dll" start="9543027" offset="9543156" size="213504" md5="b3ba3b550f4ad8a23126cf040d396bf6"/>
			<Entry name="Client/WindowsNoEditor/HT/Plugins/Wwise/ThirdParty/x64_vc170/Release/bin/AkMotion.dll" start="9756660" offset="9756822" size="220992" md5="79c3924be21ea50e64721966b85e0e0f"/>
			<Entry name="Client/WindowsNoEditor/HT/Plugins/Wwise/ThirdParty/x64_vc170/Release/bin/AkConvolutionReverb.dll" start="9977814" offset="9977987" size="233792" md5="bc7574a9ee109c25d91618d0ba37d36d"/>
			<Entry name="Client/WindowsNoEditor/HT/Binaries/Win64/boost_regex-mt-x64.dll" start="10211779" offset="10211919" size="234496" md5="3538715da788b89d0a11090d16638149"/>
			<Entry name="Client/WindowsNoEditor/HT/Plugins/Wwise/ThirdParty/x64_vc170/Release/bin/AkHarmonizer.dll" start="10446415" offset="10446581" size="236352" md5="95af638636588814e3a742727afb13c5"/>
			<Entry name="Client/WindowsNoEditor/HT/Plugins/Wwise/ThirdParty/x64_vc170/Release/bin/TencentGME.dll" start="10682933" offset="10683097" size="238400" md5="4edd98bb9a31041e1f933b9530c50bfb"/>
			<Entry name="Client/WindowsNoEditor/HT/Plugins/Wwise/ThirdParty/x64_vc170/Release/bin/AkTimeStretch.dll" start="10921497" offset="10921664" size="244032" md5="4807dec8f5f72dc71bb1a92ed81ee301"/>
			<Entry name="Client/WindowsNoEditor/HT/Plugins/Wwise/ThirdParty/x64_vc170/Release/bin/AkRoomVerb.dll" start="11165696" offset="11165860" size="250176" md5="e64933c5bdab758ece86cb47655b6fd5"/>
			<Entry name="Client/WindowsNoEditor/HT/Binaries/Win64/WPLauncherSDK_64.dll" start="11416036" offset="11416174" size="257568" md5="d87a99dd35f4f2d3f8722e06acd5407b"/>
			<Entry name="Client/WindowsNoEditor/Engine/Binaries/ThirdParty/CEF3/Win64/Resources/locales/en-GB.pak" start="11673742" offset="11673907" size="258784" md5="458fd955bb57f4ba8c1b7ece1984aa7c"/>
			<Entry name="Client/WindowsNoEditor/HT/Plugins/Wwise/ThirdParty/x64_vc170/Release/bin/CrankcaseAudioREVModelPlayer.dll" start="11932691" offset="11932873" size="258880" md5="0a8068a821faebd132aad535b6388c98"/>
			<Entry name="Client/WindowsNoEditor/Engine/Content/Renderer/TessellationTable.bin" start="12191753" offset="12191898" size="259568" md5="bc5d66a78840bfaff5bfc362de64afb8"/>
			<Entry name="Client/WindowsNoEditor/HT/Plugins/Wwise/ThirdParty/x64_vc170/Release/bin/MasteringSuite.dll" start="12451466" offset="12451634" size="259904" md5="1360060d56b4a7d8656adb7b674c8989"/>
			<Entry name="Client/WindowsNoEditor/Engine/Binaries/ThirdParty/CEF3/Win64/Resources/locales/en-US.pak" start="12711538" offset="12711703" size="262167" md5="90a7c0c53ecda606c48d66eb9621469f"/>
			<Entry name="Client/WindowsNoEditor/Engine/Binaries/ThirdParty/CEF3/Win64/Resources/locales/zh-TW.pak" start="12973870" offset="12974035" size="263978" md5="83cf11d532ddded908fb8feb6b702b89"/>
			<Entry name="Client/WindowsNoEditor/Engine/Binaries/ThirdParty/CEF3/Win64/Resources/locales/zh-CN.pak" start="13238013" offset="13238178" size="265445" md5="2ffbccab500c49a760a23814e5bd366a"/>
			<Entry name="Client/WindowsNoEditor/HT/Binaries/Win64/msvcp140_2.dll" start="13503623" offset="13503755" size="268392" md5="aa0148e20d34c10e01a4a9e1bab1d058"/>
			<Entry name="Client/WindowsNoEditor/Engine/Binaries/Win64/msvcp140_2.dll" start="13772147" offset="13772283" size="268392" md5="aa0148e20d34c10e01a4a9e1bab1d058"/>
			<Entry name="Client/WindowsNoEditor/Engine/Binaries/ThirdParty/CEF3/Win64/Resources/locales/id.pak" start="14040675" offset="14040837" size="279996" md5="a7dbd9246cbdae1447753d6326aaa7f3"/>
			<Entry name="Client/WindowsNoEditor/Engine/Binaries/ThirdParty/CEF3/Win64/Resources/locales/et.pak" start="14320833" offset="14320995" size="282645" md5="a3774afbfa0a780af02bbc8e7d3fff2e"/>
			<Entry name="Client/WindowsNoEditor/Engine/Binaries/ThirdParty/CEF3/Win64/Resources/locales/nb.pak" start="14603640" offset="14603802" size="286157" md5="1c6ce46b2b662bced3460e7de1893b43"/>
			<Entry name="Client/WindowsNoEditor/Engine/Binaries/ThirdParty/CEF3/Win64/Resources/locales/sv.pak" start="14889959" offset="14890121" size="287757" md5="b60f4cdcde2712460728c318ecd11f4e"/>
			<Entry name="Client/WindowsNoEditor/Engine/Binaries/ThirdParty/CEF3/Win64/Resources/locales/fi.pak" start="15177878" offset="15178040" size="290495" md5="43ba10a1a67769457ac86f0538b56ce9"/>
			<Entry name="Client/WindowsNoEditor/Engine/Binaries/ThirdParty/CEF3/Win64/Resources/locales/ms.pak" start="15468535" offset="15468697" size="292221" md5="c1f5cccd0a9ce79700d8a1f138fee2db"/>
			<Entry name="Client/WindowsNoEditor/HT/Binaries/Win64/tbb12.dll" start="15760918" offset="15761045" size="293376" md5="77eac9db2ccaac1708a3a678254e6725"/>
			<Entry name="Client/WindowsNoEditor/Engine/Binaries/ThirdParty/CEF3/Win64/Resources/locales/da.pak" start="16054421" offset="16054583" size="293792" md5="dbf67fff020b8f977c6eb83a5ada9ba4"/>
			<Entry name="Client/WindowsNoEditor/Engine/Binaries/ThirdParty/CEF3/Win64/Resources/locales/sw.pak" start="16348375" offset="16348537" size="295655" md5="c2eacfed7055cf089ef4eef0319da36a"/>
			<Entry name="Client/WindowsNoEditor/Engine/Binaries/ThirdParty/CEF3/Win64/Resources/locales/nl.pak" start="16644192" offset="16644354" size="295863" md5="77fedb396ef1a078c815bfe2ee70209e"/>
			<Entry name="Client/WindowsNoEditor/Engine/Binaries/ThirdParty/CEF3/Win64/Resources/locales/tr.pak" start="16940217" offset="16940379" size="306063" md5="4d83210379212cbf810d748e70503056"/>
			<Entry name="Client/WindowsNoEditor/Engine/Binaries/ThirdParty/CEF3/Win64/Resources/locales/it.pak" start="17246442" offset="17246604" size="307951" md5="7e53e5ce0f0ed1c148ddd4bfad667b34"/>
			<Entry name="Client/WindowsNoEditor/Engine/Binaries/ThirdParty/CEF3/Win64/Resources/locales/pt-BR.pak" start="17554555" offset="17554720" size="308037" md5="b0c6bf050ee8560dceb99f7f941b65b5"/>
			<Entry name="Client/WindowsNoEditor/Engine/Binaries/ThirdParty/CEF3/Win64/Resources/locales/es-419.pak" start="17862757" offset="17862923" size="312442" md5="6a53f36223df445dfe277b1d20a1b77a"/>
			<Entry name="Client/WindowsNoEditor/Engine/Binaries/ThirdParty/CEF3/Win64/Resources/locales/pt-PT.pak" start="18175365" offset="18175530" size="312611" md5="3f92231602c23966a77a8aca67f47c8f"/>
			<Entry name="Client/WindowsNoEditor/Engine/Binaries/ThirdParty/CEF3/Win64/Resources/locales/hr.pak" start="18488141" offset="18488303" size="313044" md5="496b0eafb9d70a574bf0ed7ec0981df5"/>
			<Entry name="Client/WindowsNoEditor/Engine/Binaries/ThirdParty/CEF3/Win64/Resources/locales/es.pak" start="18801347" offset="18801509" size="315159" md5="b95524a75d20ae0b552f56ce20e6c6ed"/>
			<Entry name="Client/WindowsNoEditor/Engine/Binaries/ThirdParty/CEF3/Win64/Resources/locales/de.pak" start="19116668" offset="19116830" size="316037" md5="48b63a9e963bba1fa1114f864eaea3b3"/>
			<Entry name="Client/WindowsNoEditor/Engine/Binaries/ThirdParty/CEF3/Win64/Resources/locales/sl.pak" start="19432867" offset="19433029" size="316275" md5="e230d7ec7fe70fb9437fa0f3e6cb9273"/>
			<Entry name="Client/WindowsNoEditor/Engine/Binaries/ThirdParty/CEF3/Win64/Resources/locales/ca.pak" start="19749304" offset="19749466" size="318594" md5="b5ccbd77605b7cdc145ed67b518da41f"/>
			<Entry name="Client/WindowsNoEditor/Engine/Binaries/ThirdParty/CEF3/Win64/Resources/locales/ko.pak" start="20068060" offset="20068222" size="318635" md5="18674de0b16be676410983a14f4f4612"/>
			<Entry name="Client/WindowsNoEditor/Engine/Binaries/ThirdParty/CEF3/Win64/Resources/locales/ro.pak" start="20386857" offset="20387019" size="320345" md5="5060adb00536f7955bde136d42a0e956"/>
			<Entry name="Client/WindowsNoEditor/HT/Binaries/Win64/concrt140.dll" start="20707364" offset="20707495" size="322672" md5="9485d003573e0eaf7952ab23cc82ef7b"/>
			<Entry name="Client/WindowsNoEditor/Engine/Binaries/Win64/concrt140.dll" start="21030167" offset="21030302" size="322672" md5="9485d003573e0eaf7952ab23cc82ef7b"/>
			<Entry name="Client/WindowsNoEditor/Engine/Binaries/ThirdParty/CEF3/Win64/Resources/locales/fil.pak" start="21352974" offset="21353137" size="325067" md5="f9cfb40f6bf2bec048a5e528d41ddb3c"/>
			<Entry name="Client/WindowsNoEditor/Engine/Binaries/ThirdParty/CEF3/Win64/Resources/locales/pl.pak" start="21678204" offset="21678366" size="325355" md5="df826bb020ab7f6ab269cc16bf413ea7"/>
			<Entry name="Client/WindowsNoEditor/Engine/Binaries/ThirdParty/CEF3/Win64/Resources/locales/cs.pak" start="22003721" offset="22003883" size="325971" md5="eb11415a7c49ff67a7eec63945f2ce74"/>
			<Entry name="Client/WindowsNoEditor/Engine/Binaries/ThirdParty/CEF3/Win64/Resources/locales/sk.pak" start="22329854" offset="22330016" size="331329" md5="ecc4fcc7d8ac383fc8b29a2243bc729d"/>
			<Entry name="Client/WindowsNoEditor/Engine/Binaries/ThirdParty/CEF3/Win64/Resources/locales/lv.pak" start="22661345" offset="22661507" size="334614" md5="6f61733994c4e7396f26884edc23e663"/>
			<Entry name="Client/WindowsNoEditor/Engine/Binaries/ThirdParty/CEF3/Win64/Resources/locales/hu.pak" start="22996121" offset="22996283" size="336131" md5="8cbaf4c42722a8dfafc1f163a4e77d55"/>
			<Entry name="Client/WindowsNoEditor/Engine/Binaries/ThirdParty/CEF3/Win64/Resources/locales/lt.pak" start="23332414" offset="23332576" size="337360" md5="6fe4f372d1a88c446ab949520cd73ff4"/>
			<Entry name="Client/WindowsNoEditor/Engine/Binaries/ThirdParty/CEF3/Win64/Resources/locales/fr.pak" start="23669936" offset="23670098" size="343306" md5="f90a48e4af5d40522cf5ba3e114913cd"/>
			<Entry name="Client/WindowsNoEditor/HT/Binaries/Win64/vccorlib140.dll" start="24013404" offset="24013537" size="348784" md5="e3e6aa23df3c78b29b0ee90e2712fc7e"/>
			<Entry name="Client/WindowsNoEditor/Engine/Binaries/Win64/vccorlib140.dll" start="24362321" offset="24362458" size="348784" md5="e3e6aa23df3c78b29b0ee90e2712fc7e"/>
			<Entry name="Client/WindowsNoEditor/HT/Binaries/Win64/boost_program_options-mt-x64.dll" start="24711242" offset="24711392" size="351232" md5="03d9bef577cdb5c2ac9ae75e60d61477"/>
			<Entry name="Client/WindowsNoEditor/Engine/Binaries/ThirdParty/CEF3/Win64/Resources/locales/vi.pak" start="25062624" offset="25062786" size="359978" md5="bdfe79afd9c2eea9db6cb43404efd10f"/>
			<Entry name="Client/WindowsNoEditor/Engine/Binaries/ThirdParty/CEF3/Win64/Resources/locales/ja.pak" start="25422764" offset="25422926" size="380325" md5="eea0ce087807d0c1901f0ef463cb6f4e"/>
			<Entry name="Client/WindowsNoEditor/HT/Binaries/Win64/global.dll" start="25803251" offset="25803379" size="389632" md5="208efffa8ba32c18570bf37293f6b316"/>
			<Entry name="Client/WindowsNoEditor/Engine/Binaries/ThirdParty/CEF3/Win64/Resources/locales/he.pak" start="26193011" offset="26193173" size="397651" md5="f9f21c518a726e679c687759564062eb"/>
			<Entry name="Client/WindowsNoEditor/Engine/Binaries/ThirdParty/CEF3/Win64/libEGL.dll" start="26590824" offset="26590972" size="403968" md5="d4e407625cc8cd005866905b86cca2a9"/>
			<Entry name="Client/WindowsNoEditor/Engine/Binaries/ThirdParty/CEF3/Win64/Resources/swiftshader/libEGL.dll" start="26994940" offset="26995110" size="421888" md5="9eada272c5be1659523be7b6c4b65459"/>
			<Entry name="Client/WindowsNoEditor/Engine/Plugins/Runtime/Nvidia/Streamline/Binaries/ThirdParty/Win64/sl.dlss_g.dll" start="27416998" offset="27417178" size="439264" md5="0ece0f5363a055acc46e013f60ae8d76"/>
			<Entry name="Client/WindowsNoEditor/HT/Binaries/Win64/analysis.dll" start="27856442" offset="27856572" size="447488" md5="4634b7fe3a28141884cc7b04487f3667"/>
			<Entry name="Client/WindowsNoEditor/Engine/Binaries/ThirdParty/CEF3/Win64/Resources/locales/am.pak" start="28304060" offset="28304222" size="452150" md5="3143227da913e2e17ee1c06515d14999"/>
			<Entry name="Client/WindowsNoEditor/Engine/Binaries/ThirdParty/CEF3/Win64/Resources/locales/fa.pak" start="28756372" offset="28756534" size="455382" md5="c2c0be35cca79c3b083172ba8f6e1bce"/>
			<Entry name="Client/WindowsNoEditor/Engine/Binaries/ThirdParty/CEF3/Win64/Resources/locales/ar.pak" start="29211916" offset="29212078" size="478581" md5="15903ea3a62c0521d4fb26e8c789cb79"/>
			<Entry name="Client/WindowsNoEditor/Engine/Binaries/ThirdParty/CEF3/Win64/Resources/locales/sr.pak" start="29690659" offset="29690821" size="487444" md5="29e6ae8c57f684caee75ce292d8e947f"/>
			<Entry name="Client/WindowsNoEditor/Engine/Binaries/ThirdParty/CEF3/Win64/Resources/locales/uk.pak" start="30178265" offset="30178427" size="512486" md5="7accb66081b07793b85f49bd98049a26"/>
			<Entry name="Client/WindowsNoEditor/Engine/Binaries/ThirdParty/CEF3/Win64/Resources/locales/ru.pak" start="30690913" offset="30691075" size="513810" md5="9c8edf9d0a330f3d6b50e194b14278f1"/>
			<Entry name="Client/WindowsNoEditor/Engine/Binaries/ThirdParty/CEF3/Win64/Resources/locales/bg.pak" start="31204885" offset="31205047" size="515618" md5="68be7ea62606849b36dc4101db9ff6f5"/>
			<Entry name="Client/WindowsNoEditor/HT/Binaries/Win64/XAudio2_7.dll" start="31720665" offset="31720796" size="518488" md5="4f7513ff4de6303088db28dcbcef372c"/>
			<Entry name="Client/WindowsNoEditor/Engine/Binaries/Win64/XAudio2_7.dll" start="32239284" offset="32239419" size="518488" md5="4f7513ff4de6303088db28dcbcef372c"/>
			<Entry name="Client/WindowsNoEditor/Engine/Plugins/Runtime/Nvidia/Streamline/Binaries/ThirdParty/Win64/sl.interposer.dll" start="32757907" offset="32758091" size="537056" md5="cde1c0408a1a26613d39d89696e10373"/>
			<Entry name="Client/WindowsNoEditor/Engine/Binaries/ThirdParty/CEF3/Win64/Resources/locales/el.pak" start="33840364" offset="33840526" size="564535" md5="f29eeac9e4fef04805e2e0127775830a"/>
			<Entry name="Client/WindowsNoEditor/HT/Binaries/Win64/msvcp140.dll" start="34405061" offset="34405191" size="573008" md5="c3d497b0afef4bd7e09c7559e1c75b05"/>
			<Entry name="Client/WindowsNoEditor/Engine/Binaries/Win64/msvcp140.dll" start="34978199" offset="34978333" size="573008" md5="c3d497b0afef4bd7e09c7559e1c75b05"/>
			<Entry name="Client/WindowsNoEditor/Engine/Binaries/ThirdParty/CEF3/Win64/Resources/locales/th.pak" start="35551341" offset="35551503" size="597955" md5="99c258194c6a2f3725ef1ecdd61633ac"/>
			<Entry name="Client/WindowsNoEditor/HT/Binaries/Win64/avatarface.dll" start="36149458" offset="36149590" size="606720" md5="b2d035d153663ca4cf451764e7bf8f22"/>
			<Entry name="Client/WindowsNoEditor/Engine/Binaries/ThirdParty/CEF3/Win64/Resources/locales/mr.pak" start="36756310" offset="36756472" size="628384" md5="e37e4584e2f218c4d9cad1502ee55bb6"/>
			<Entry name="Client/WindowsNoEditor/Engine/Binaries/ThirdParty/CEF3/Win64/Resources/locales/gu.pak" start="37384856" offset="37385018" size="642545" md5="1e29e91f37cab85972bafce24e735dfb"/>
			<Entry name="Client/WindowsNoEditor/Engine/Binaries/ThirdParty/CEF3/Win64/Resources/locales/hi.pak" start="38027563" offset="38027725" size="665934" md5="fdf32f7eb601f4721967e489ffc1a42b"/>
			<Entry name="Client/WindowsNoEditor/Engine/Binaries/ThirdParty/CEF3/Win64/Resources/locales/bn.pak" start="38693659" offset="38693821" size="671277" md5="735713f2ae9a845b1821487a192d1d0f"/>
			<Entry name="Client/WindowsNoEditor/Engine/Plugins/Runtime/Nvidia/Streamline/Binaries/ThirdParty/Win64/sl.common.dll" start="39365098" offset="39365278" size="676312" md5="7b42f53361cf08687945c5b22924b48a"/>
			<Entry name="Client/WindowsNoEditor/Engine/Binaries/ThirdParty/CEF3/Win64/Resources/locales/te.pak" start="40747207" offset="40747369" size="707613" md5="6acbc2e3c0845d52a8af7c9eb8aa29c4"/>
			<Entry name="Client/WindowsNoEditor/Engine/Binaries/ThirdParty/CEF3/Win64/Resources/locales/kn.pak" start="41454982" offset="41455144" size="746654" md5="e0fcfbe60e84580fa8cec1d1e5b67e59"/>
			<Entry name="Client/WindowsNoEditor/HT/Binaries/Win64/cos.dll" start="42201798" offset="42201923" size="754176" md5="8240ecb80aa06d6db526a5004c800422"/>
			<Entry name="Client/WindowsNoEditor/Engine/Binaries/ThirdParty/CEF3/Win64/Resources/locales/ta.pak" start="42956099" offset="42956261" size="758488" md5="26737e88032aff83e145283a8a405798"/>
			<Entry name="Client/WindowsNoEditor/HT/Binaries/Win64/WmgpMoblieGameSdk_64.dll" start="43714749" offset="43714891" size="759328" md5="8e440156d2efa0a8ba0eba6868acbed6"/>
			<Entry name="Client/WindowsNoEditor/Engine/Binaries/ThirdParty/CEF3/Win64/Resources/chrome_100_percent.pak" start="44474219" offset="44474389" size="780548" md5="5b3d7aaeb81aa3502a57af94866f247d"/>
			<Entry name="Client/WindowsNoEditor/Engine/Binaries/ThirdParty/CEF3/Win64/Resources/locales/ml.pak" start="45254937" offset="45255099" size="782773" md5="d534771dcb24d92c11aeb2524e169297"/>
			<Entry name="Client/WindowsNoEditor/HT/Content/Paks/pakchunk1-Windows.sig" start="46037872" offset="46038009" size="785884" md5="3e359127c0547b3c0164dbf8adb0e90b"/>
			<Entry name="Client/WindowsNoEditor/HT/Binaries/Win64/one.dll" start="49255492" offset="49255617" size="847360" md5="3f40acd82e3aa309f96d3da16b3f9290"/>
			<Entry name="Client/WindowsNoEditor/Engine/Binaries/ThirdParty/Windows/XAudio2_9/x64/xaudio2_9redist.dll" start="50102977" offset="50103145" size="847440" md5="835591acabfb69a6f9dace12711f2243"/>
			<Entry name="Client/WindowsNoEditor/HT/Binaries/Win64/bearssl.dll" start="54778427" offset="54778556" size="986112" md5="5abd96955088ae9e6e69cec42a0c8f3c"/>
			<Entry name="Client/WindowsNoEditor/HT/Binaries/Win64/ucrtbase.dll" start="56841150" offset="56841280" size="1123944" md5="6a44a2235d33b3f154fc50dc72e8ea61"/>
			<Entry name="Client/WindowsNoEditor/Engine/Binaries/Win64/ucrtbase.dll" start="57965224" offset="57965358" size="1123944" md5="6a44a2235d33b3f154fc50dc72e8ea61"/>
			<Entry name="Client/WindowsNoEditor/Engine/Binaries/ThirdParty/CEF3/Win64/chrome_elf.dll" start="59089302" offset="59089454" size="1126400" md5="f9b49a5e3352a5e17b8411b7f1c36050"/>
			<Entry name="Client/WindowsNoEditor/Engine/Binaries/ThirdParty/CEF3/Win64/Resources/chrome_200_percent.pak" start="62888220" offset="62888390" size="1358791" md5="f8890823d5b487261efba17bd63ae903"/>
			<Entry name="Client/WindowsNoEditor/HT/Binaries/Win64/wmc.dll" start="67065620" offset="67065745" size="1443840" md5="39a339679058e795f733295e860d6837"/>
			<Entry name="Client/WindowsNoEditor/Engine/Binaries/ThirdParty/Vorbis/Win64/VS2015/libvorbis_64.dll" start="75939247" offset="75939410" size="1714176" md5="ce94029c20227191bf97f6d719b651c5"/>
			<Entry name="Client/WindowsNoEditor/HT/Plugins/Wwise/ThirdParty/x64_vc170/Release/bin/AkSoundEngineDLL.dll" start="81112131" offset="81112301" size="1807680" md5="2aff1dd8d2d946b089de7073b72b3a2d"/>
			<Entry name="Client/WindowsNoEditor/Engine/Binaries/ThirdParty/NVIDIA/NVaftermath/Win64/GFSDK_Aftermath_Lib.x64.dll" start="82919981" offset="82920160" size="1865216" md5="00d9315521c86a0c2bb6e8c21c4610e7"/>
			<Entry name="Client/WindowsNoEditor/Engine/Binaries/ThirdParty/DbgHelp/dbghelp.dll" start="86947474" offset="86947620" size="2221984" md5="f97b15a663eb59ba6a9fc766e703c103"/>
			<Entry name="Client/WindowsNoEditor/Engine/Binaries/ThirdParty/MsQuic/v220/win64/msquic.dll" start="93968317" offset="93968472" size="2536368" md5="a2c1cdfb561609d7b61d6a04c10579a6"/>
			<Entry name="Client/WindowsNoEditor/HT/Plugins/Wwise/ThirdParty/x64_vc170/Release/bin/Auro.dll" start="96504840" offset="96504998" size="2568000" md5="149fc65401d39ea575bd9f49317dece8"/>
			<Entry name="Client/WindowsNoEditor/Engine/Binaries/ThirdParty/CEF3/Win64/Resources/swiftshader/libGLESv2.dll" start="101649035" offset="101649208" size="2745856" md5="acc98a721d54c98614a8b7361276adff"/>
			<Entry name="Client/WindowsNoEditor/HT/Binaries/Win64/CrashCapture.exe" start="107166162" offset="107166296" size="2821160" md5="3a67f9795deec68c924af434d93edd13"/>
			<Entry name="Client/WindowsNoEditor/HT/Plugins/Wwise/ThirdParty/x64_vc170/Release/bin/gmesdk.dll" start="146170014" offset="146170174" size="3881472" md5="600d3c3265bd4e2baf3d031d01584ede"/>
			<Entry name="Client/WindowsNoEditor/Engine/Binaries/ThirdParty/CEF3/Win64/d3dcompiler_47.dll" start="166301369" offset="166301525" size="4346120" md5="222d020bd33c90170a8296adc1b7036a"/>
			<Entry name="Client/WindowsNoEditor/HT/Binaries/Win64/CrashSDK.dll" start="170647645" offset="170647775" size="4652072" md5="df9e4f1b4138214b7fe5a84301c46912"/>
			<Entry name="Client/WindowsNoEditor/Engine/Binaries/Win64/EpicWebHelper.exe" start="175299847" offset="175299986" size="4673024" md5="24a922bc6e3097f244086575308c6a8a"/>
			<Entry name="Client/WindowsNoEditor/Engine/Content/SlateDebug/Fonts/LastResort.ttf" start="185237337" offset="185237483" size="5395052" md5="89454f173319872a5fa975b26d028f9d"/>
			<Entry name="Client/WindowsNoEditor/HT/Binaries/Win64/D3D12/D3D12Core.dll" start="190632535" offset="190632672" size="5908408" md5="f2ba8763a1ef9857c4d4b7cab5631edb"/>
			<Entry name="Client/WindowsNoEditor/HT/Binaries/Win64/CrashClientReporter.exe" start="196541080" offset="196541221" size="5975592" md5="e761e1e6395e391e5fe8126c92a63e7b"/>
			<Entry name="Client/WindowsNoEditor/HT/Binaries/Win64/PatcherSDK_x64.dll" start="202516813" offset="202516949" size="6389800" md5="993763db565d56f06294077ef2da91a5"/>
			<Entry name="Client/WindowsNoEditor/Engine/Binaries/ThirdParty/CEF3/Win64/libGLESv2.dll" start="215574520" offset="215574671" size="6795776" md5="e766d6ab0036471af1e606fd77665291"/>
			<Entry name="Client/WindowsNoEditor/Engine/Binaries/ThirdParty/CEF3/Win64/Resources/resources.pak" start="222370447" offset="222370608" size="7285408" md5="b6252587a16744802844fa4e1e5752a1"/>
			<Entry name="Client/WindowsNoEditor/Engine/Plugins/Runtime/Nvidia/Streamline/Binaries/ThirdParty/Win64/nvngx_dlssg.dll" start="246755756" offset="246755938" size="9477688" md5="69e9f9dc32d0aef4e7c986e2339a0e52"/>
			<Entry name="Client/WindowsNoEditor/HT/Binaries/Win64/D3D12/d3d12SDKLayers.dll" start="256233626" offset="256233768" size="9525272" md5="d372bc0d8c0177903caa4551cf916631"/>
			<Entry name="Client/WindowsNoEditor/Engine/Binaries/ThirdParty/CEF3/Win64/icudtl.dat" start="296303455" offset="296303603" size="10413488" md5="80a7528515595d8b0bf99a477a7eff0d"/>
			<Entry name="Client/WindowsNoEditor/Engine/Binaries/ThirdParty/CEF3/Win64/Resources/icudtl.dat" start="306717091" offset="306717249" size="10413488" md5="80a7528515595d8b0bf99a477a7eff0d"/>
			<Entry name="Client/WindowsNoEditor/Engine/Programs/CrashReportClient/Content/Paks/CrashReportClient.pak" start="374539277" offset="374539445" size="12051651" md5="7d2d134aead21d03ae9e6f95694a9db6"/>
			<Entry name="Client/WindowsNoEditor/Engine/Plugins/Runtime/Nvidia/Streamline/Binaries/ThirdParty/Win64/nvngx_deepdvc.dll" start="411084131" offset="411084315" size="12512824" md5="c379e4858f30a398564428ea3cc52bd4"/>
		</Pak>
		<Pak md5="9e4549f8b630faf9575a69adc6767e55" filesize="424840850">
			<Entry name="Client/WindowsNoEditor/HT/Content/Movies/Bigworld1/VideoVesta.mp4" start="181067382" offset="181067524" size="45953388" md5="f0c707999d0299fd10c28e258696a5cf"/>
			<Entry name="Client/WindowsNoEditor/HT/Content/Movies/FFMpeg/Story/HM_temp.mp4" start="47680789" offset="47680931" size="26151236" md5="1a62712ae34cb1fb0d85e2f096142874"/>
			<Entry name="Client/WindowsNoEditor/HT/Content/Movies/FFMpeg/Story/Tayge_q110150_Rd.mp4" start="1637" offset="1788" size="21953930" md5="d7a5524714e62de5bbeb9fca8ea42503"/>
			<Entry name="Client/WindowsNoEditor/HT/Content/Movies/FFMpeg/Story/C01.mp4" start="227020912" offset="227021050" size="46249435" md5="b7db2e115dbb6589d1e5b836286f083c"/>
			<Entry name="Client/WindowsNoEditor/HT/Content/Movies/FFMpeg/Story/C02.mp4" start="138466455" offset="138466593" size="42600789" md5="53d8fbe1007cb9b08f1ffbf18149f2fd"/>
			<Entry name="Client/WindowsNoEditor/Engine/Binaries/Win64/CrashReportClient.exe" start="21955718" offset="21955861" size="25724928" md5="c7be08fda54d33e13b44ea76425f4a42" check="1"/>
			<Entry name="Client/WindowsNoEditor/HT/Binaries/Win64/OpenImageDenoise.dll" start="273270485" offset="273270623" size="49771920" md5="4b7ea8d37d71c64b73bab999411aac18"/>
			<Entry name="Client/WindowsNoEditor/Engine/Extras/Redist/en-us/UEPrereqSetup_x64.exe" start="323042543" offset="323042691" size="50521128" md5="7c6d890841def8978349f37f8af77242"/>
			<Entry name="Client/WindowsNoEditor/Engine/Plugins/Runtime/Nvidia/DLSS/Binaries/ThirdParty/Win64/nvngx_dlss.dll" start="373563819" offset="373563994" size="51276856" md5="12627ab9ee39858b6a28039a32d1b7c2"/>
		</Pak>
		<Pak md5="3cdd050849f230801786bd7c1026621b" filesize="141790657">
			<Entry name="Client/WindowsNoEditor/HT/Content/Movies/Sequence/SC16_FX_v01.mp4" start="558249" offset="558391" size="5295879" md5="0f915d30ad697a50da42671197e7c0cf"/>
			<Entry name="Client/WindowsNoEditor/HT/Content/Movies/FFMpeg/Story/MLPS_Hope.mp4" start="11771674" offset="11771818" size="9559816" md5="bf0b7468e1abfe90f80906912a18479a"/>
			<Entry name="Client/WindowsNoEditor/HT/Content/Movies/FFMpeg/Story/Story_q110118_P0.mp4" start="21331634" offset="21331785" size="9962217" md5="5d40f9d3c6aec69e253c2953b6e6f1d5"/>
			<Entry name="Client/WindowsNoEditor/HT/Content/Movies/FFMpeg/Story/HM_cang01_003.srt" start="3172" offset="3320" size="727" md5="3826f85c90c54b1dcdab2e7913ec2328"/>
			<Entry name="Client/WindowsNoEditor/HT/Content/Movies/FFMpeg/Story/HM_U01C02_003.srt" start="2835" offset="2983" size="189" md5="59d6a26bd02a356e8f036055ad35c30e"/>
			<Entry name="Client/WindowsNoEditor/HT/Content/Movies/FFMpeg/Story/Story_q110118_P1.mp4" start="65471134" offset="65471285" size="11685084" md5="51263eb10f2cc046a0d2f534feb1ddf4"/>
			<Entry name="Client/WindowsNoEditor/HT/Content/Movies/FFMpeg/Story/Story_q110118_P4.mp4" start="42369318" offset="42369469" size="11501353" md5="b252c54c08a171165d5d68054dd6be5e"/>
			<Entry name="Client/WindowsNoEditor/HT/Content/Movies/FFMpeg/Story/HM_TJD01_002_b.srt" start="4047" offset="4196" size="1113" md5="26215527430f497eea385b43529748ab"/>
			<Entry name="Client/WindowsNoEditor/HT/Content/Movies/FFMpeg/Story/Story_q110118_P3.mp4" start="5854270" offset="5854421" size="5917253" md5="139ac614d9568743024e9bbb9854c001"/>
			<Entry name="Client/WindowsNoEditor/HT/Content/Movies/FFMpeg/Story/Story_q110118_P5.mp4" start="31294002" offset="31294153" size="11075165" md5="c36fce829a653068b52cebc4def73bf7"/>
			<Entry name="Client/WindowsNoEditor/HT/Content/Movies/FFMpeg/Story/Story_q110118_P2.mp4" start="53870822" offset="53870973" size="11600161" md5="46add487ffcf889d8dcc408683fbcdb0"/>
		</Pak>
		<Pak md5="3136b502af8520fddab58b1a2ed69fc8" filesize="133348808">
			<Entry name="Client/WindowsNoEditor/HT/Content/Movies/FFMpeg/Story/Tayge_q110150_Shot02.mp4" start="11581316" offset="11581471" size="4394132" md5="174fd4c67566bab06b625d88fefd9788"/>
			<Entry name="Client/WindowsNoEditor/HT/Content/Movies/FFMpeg/Story/Tayge_q110150_Shot17.mp4" start="32018126" offset="32018281" size="6561804" md5="ebb1743d3925cc09d1ec03eefe66fd0b"/>
			<Entry name="Client/WindowsNoEditor/HT/Content/Movies/FFMpeg/Story/Tayge_q110150_Shot08.mp4" start="20539078" offset="20539233" size="4954064" md5="fbf3c9fb07795b4717aa4c39bf86f044"/>
			<Entry name="Client/WindowsNoEditor/HT/Content/Movies/FFMpeg/Story/Tayge_q110150_Shot16.mp4" start="548146" offset="548301" size="3476763" md5="0ffa1c945fa75265fad1327d768abbb3"/>
			<Entry name="Client/WindowsNoEditor/HT/Content/Movies/FFMpeg/Story/Tayge_q110150_Shot05.mp4" start="15975603" offset="15975758" size="4563320" md5="969c501e293e4cf25e0622980b8f40b6"/>
			<Entry name="Client/WindowsNoEditor/HT/Content/Movies/FFMpeg/Story/Tayge_q110150_Ra.mp4" start="38580085" offset="38580236" size="6627754" md5="690faea089d732bb29559e059eb5726d"/>
			<Entry name="Client/WindowsNoEditor/HT/Content/Movies/FFMpeg/Story/Tayge_q110150_Rb.mp4" start="7632140" offset="7632291" size="3949025" md5="c566e7e80cfd7acacd3a58a23cee0290"/>
			<Entry name="Client/WindowsNoEditor/HT/Content/Movies/FFMpeg/Story/Tayge_q110150_Shot03.mp4" start="4025064" offset="4025219" size="3606921" md5="8360b3b2f33c6ddf25614538910b4a2c"/>
			<Entry name="Client/WindowsNoEditor/HT/Content/Movies/FFMpeg/Story/Tayge_q110150_Shot13.mp4" start="25493297" offset="25493452" size="6524674" md5="ea701cb8eab14a690532311229458caf"/>
			<Entry name="Client/WindowsNoEditor/HT/Content/Movies/FFMpeg/Skill/FadiaUltraSkill.mp4" start="55461611" offset="55461761" size="13253783" md5="efca35a41b70155bb8a2d54305abbc6f"/>
		</Pak>
		<Pak md5="5e7dee81819403868564c2579721ff27" filesize="75498334">
			<Entry name="Client/WindowsNoEditor/HT/Content/Movies/FFMpeg/Skill/FemaleUltraSkill.mp4" start="550981" offset="551132" size="10312914" md5="12534689a131f2ee5ffcc975d9dc730d"/>
		</Pak>
	</Package>
</ResList>
